'Hurst.hurstHolder_stride_first_CLT_of_polynomial_limits' depends on axioms: [propext, Classical.choice, Quot.sound]
'Hurst.hurstHolder_grid_second_CLT_of_polynomial_limits' depends on axioms: [propext, Classical.choice, Quot.sound]
'Hurst.hurstHolder_q2_linearization_in_probability' depends on axioms: [propext, Classical.choice, Quot.sound]
'Hurst.hurstHolder_q1_linearization_in_probability' depends on axioms: [propext, Classical.choice, Quot.sound]
'Hurst.hurstHolder_second_log_mean_leading' depends on axioms: [propext, Classical.choice, Quot.sound]
'Hurst.hurstHolder_stride_first_log_mean_leading' depends on axioms: [propext, Classical.choice, Quot.sound]
'Hurst.hurstHolder_second_log_expectation_residual' depends on axioms: [propext, Classical.choice, Quot.sound]
'Hurst.hurstHolder_stride_first_log_expectation_residual' depends on axioms: [propext, Classical.choice, Quot.sound]
'Hurst.hurstHolder_q1_conditional_critical_mainline' depends on axioms: [propext, Classical.choice, Quot.sound]
'Hurst.hurstHolder_q1_conditional_long_mainline' depends on axioms: [propext, Classical.choice, Quot.sound]
'Hurst.hurstHolder_q1_conditional_memory_mainline' depends on axioms: [propext, Classical.choice, Quot.sound]
'Hurst.q1_known_spatial_risk_of_raw_moments' depends on axioms: [propext, Classical.choice, Quot.sound]
'Hurst.q1_unknown_spatial_risk_of_raw_moments' depends on axioms: [propext, Classical.choice, Quot.sound]
'Hurst.q2_known_spatial_risk_of_raw_moments' depends on axioms: [propext, Classical.choice, Quot.sound]
'Hurst.q2_unknown_spatial_risk_of_raw_moments' depends on axioms: [propext, Classical.choice, Quot.sound]
'Hurst.hurstHolder_q1_CLT_of_log_CLT' depends on axioms: [propext, Classical.choice, Quot.sound]
'Hurst.hurstHolder_q2_CLT_of_log_CLT' depends on axioms: [propext, Classical.choice, Quot.sound]
'Hurst.hurstHolder_q2_pilot_moments' depends on axioms: [propext, Classical.choice, Quot.sound]
'Hurst.hurstHolder_q1_conditional_pilot_CLT' depends on axioms: [propext, Classical.choice, Quot.sound]
'Hurst.hurstHolder_q2_conditional_pilot_CLT' depends on axioms: [propext, Classical.choice, Quot.sound]
'Hurst.hurstHolder_q1_conditional_pilot_memory_limit' depends on axioms: [propext, Classical.choice, Quot.sound]
'Hurst.hurstHolder_q1_conditional_raw_optimal_CLT' depends on axioms: [propext, Classical.choice, Quot.sound]
'Hurst.hurstHolder_q2_conditional_raw_optimal_CLT' depends on axioms: [propext, Classical.choice, Quot.sound]
'Hurst.hurstHolder_q2_linearScale_bias' depends on axioms: [propext, Classical.choice, Quot.sound]
'Hurst.hurstHolder_q1_scale_memLp_eventually' depends on axioms: [propext, Classical.choice, Quot.sound]
'Hurst.hurstHolder_q2_scale_memLp_eventually' depends on axioms: [propext, Classical.choice, Quot.sound]
'Hurst.hurstHolder_q2_linearScale_variance' depends on axioms: [propext, Classical.choice, Quot.sound]
'Hurst.hurstHolder_q1_conditional_short_mainline' depends on axioms: [propext, Classical.choice, Quot.sound]
'Hurst.hurstHolder_q2_conditional_short_mainline' depends on axioms: [propext, Classical.choice, Quot.sound]
'Hurst.hurstHolder_q1_unknown_distribution_of_inputs' depends on axioms: [propext, Classical.choice, Quot.sound]
'Hurst.hurstHolder_q2_unknown_distribution_of_inputs' depends on axioms: [propext, Classical.choice, Quot.sound]
'Hurst.hurstHolder_q1_conditional_weighted_memory_mainline' depends on axioms: [propext, Classical.choice, Quot.sound]
'Hurst.second_moment_le_higher_moment' depends on axioms: [propext, Classical.choice, Quot.sound]
'Hurst.unitLpRisk_le_uniform_moment' depends on axioms: [propext, Classical.choice, Quot.sound]
'Hurst.hurstHolder_q1_unknown_scale_distribution_transfer' depends on axioms: [propext, Classical.choice, Quot.sound]
'Hurst.hurstHolder_q2_unknown_scale_distribution_transfer' depends on axioms: [propext, Classical.choice, Quot.sound]
'Hurst.hurstHolder_q1_conditional_all_scale_critical_mainline' depends on axioms: [propext,
 Classical.choice,
 Quot.sound]
'Hurst.hurstHolder_q1_conditional_all_scale_long_mainline' depends on axioms: [propext, Classical.choice, Quot.sound]
'Hurst.hurstHolder_q1_conditional_all_scale_memory_mainline' depends on axioms: [propext, Classical.choice, Quot.sound]
'Hurst.hurstHolder_q1_conditional_all_scale_pilot_CLT' depends on axioms: [propext, Classical.choice, Quot.sound]
'Hurst.hurstHolder_q2_conditional_all_scale_pilot_CLT' depends on axioms: [propext, Classical.choice, Quot.sound]
'Hurst.hurstHolder_q1_conditional_all_scale_pilot_memory_limit' depends on axioms: [propext,
 Classical.choice,
 Quot.sound]
'Hurst.hurstHolder_q1_conditional_all_scale_short_mainline' depends on axioms: [propext, Classical.choice, Quot.sound]
'Hurst.hurstHolder_q2_conditional_all_scale_short_mainline' depends on axioms: [propext, Classical.choice, Quot.sound]
'Hurst.log_lipschitz_from_below' depends on axioms: [propext, Classical.choice, Quot.sound]
'Hurst.G_two_strictAnti' depends on axioms: [propext, Classical.choice, Quot.sound]
'Hurst.second_rpow_derivative' depends on axioms: [propext, Classical.choice, Quot.sound]
'Hurst.half_second_rpow' depends on axioms: [propext, Classical.choice, Quot.sound]
'Hurst.brownian_rho_tendsto' depends on axioms: [propext, Classical.choice, Quot.sound]
'Hurst.proposition_S6_1_raw_counterexample' depends on axioms: [propext, Classical.choice, Quot.sound]
'Hurst.log_not_tendsto_zero' depends on axioms: [propext, Classical.choice, Quot.sound]
'Hurst.finite_average_abs_le' depends on axioms: [propext, Classical.choice, Quot.sound]
'Hurst.finite_average_expectation_bias' depends on axioms: [propext, Classical.choice, Quot.sound]
'Hurst.boundedInverse_backfit_mse' depends on axioms: [propext, Classical.choice, Quot.sound]
'Hurst.difference_one' depends on axioms: [propext, Classical.choice, Quot.sound]
'Hurst.difference_two' depends on axioms: [propext, Classical.choice, Quot.sound]
'Hurst.difference_const' depends on axioms: [propext, Classical.choice, Quot.sound]
'Hurst.g_one' depends on axioms: [propext, Classical.choice, Quot.sound]
'Hurst.g_one_zero' depends on axioms: [propext, Classical.choice, Quot.sound]
'Hurst.g_one_unit' depends on axioms: [propext, Classical.choice, Quot.sound]
'Hurst.g_zero_direction' depends on axioms: [propext, Classical.choice, Quot.sound]
'Hurst.g_two_unit' depends on axioms: [propext, Classical.choice, Quot.sound]
'Hurst.g_two_pos' depends on axioms: [propext, Classical.choice, Quot.sound]
'Hurst.G_one' depends on axioms: [propext, Classical.choice, Quot.sound]
'Hurst.grid_mem' depends on axioms: [propext, Classical.choice, Quot.sound]
'Hurst.diagonal_covariance' depends on axioms: [propext, Classical.choice, Quot.sound]
'Hurst.mse_scale_bound_of_mean_variance' depends on axioms: [propext, Classical.choice, Quot.sound]
'Hurst.optimalLocalBandwidth_raw_variance_balance' depends on axioms: [propext, Classical.choice, Quot.sound]
'Hurst.correctedBump_nonzero_iff' depends on axioms: [propext, Classical.choice, Quot.sound]
'Hurst.sum_abs_rpow_of_unique_active' depends on axioms: [propext, Classical.choice, Quot.sound]
'Hurst.binaryBumpSum_abs_rpow' depends on axioms: [propext, Classical.choice, Quot.sound]
'Hurst.correctedBump_power_integrable' depends on axioms: [propext, Classical.choice, Quot.sound]
'Hurst.correctedBump_power_integral_pos' depends on axioms: [propext, Classical.choice, Quot.sound]
'Hurst.affine_bump_power_integrable' depends on axioms: [propext, Classical.choice, Quot.sound]
'Hurst.affine_bump_power_integral' depends on axioms: [propext, Classical.choice, Quot.sound]
'Hurst.binaryBumpSum_power_integral' depends on axioms: [propext, Classical.choice, Quot.sound]
'Hurst.bumpAlternative_sub' depends on axioms: [propext, Classical.choice, Quot.sound]
'Hurst.bumpAlternative_loss_integral' depends on axioms: [propext, Classical.choice, Quot.sound]
'Hurst.bumpAlternative_loss_on_unit_interval' depends on axioms: [propext, Classical.choice, Quot.sound]
'Hurst.booleanBumpWeights_bound' depends on axioms: [propext, Classical.choice, Quot.sound]
'Hurst.booleanBumpWeights_hamming_sum' depends on axioms: [propext, Classical.choice, Quot.sound]
'Hurst.bumpAlternative_boolean_loss_identity' depends on axioms: [propext, Classical.choice, Quot.sound]
'Hurst.correctedBump_tsupport_subset' depends on axioms: [propext, Classical.choice, Quot.sound]
'Hurst.iteratedDeriv_tsupport_subset' depends on axioms: [propext, Classical.choice, Quot.sound]
'Hurst.correctedBump_derivative_support' depends on axioms: [propext, Classical.choice, Quot.sound]
'Hurst.correctedBump_derivative_uniform_bound' depends on axioms: [propext, Classical.choice, Quot.sound]
'Hurst.finite_unit_window_card_bound' depends on axioms: [propext, Classical.choice, Quot.sound]
'Hurst.finite_unit_window_sum_bound' depends on axioms: [propext, Classical.choice, Quot.sound]
'Hurst.binaryBumpSum_smooth' depends on axioms: [propext, Classical.choice, Quot.sound]
'Hurst.correctedBump_affine_derivative' depends on axioms: [propext, Classical.choice, Quot.sound]
'Hurst.binaryBumpSum_derivative' depends on axioms: [propext, Classical.choice, Quot.sound]
'Hurst.binaryBumpSum_derivative_uniform' depends on axioms: [propext, Classical.choice, Quot.sound]
'Hurst.scaled_holder_from_bounds' depends on axioms: [propext, Classical.choice, Quot.sound]
'Hurst.bumpAlternative_smooth' depends on axioms: [propext, Classical.choice, Quot.sound]
'Hurst.bumpAlternative_derivative_bound' depends on axioms: [propext, Classical.choice, Quot.sound]
'Hurst.bumpAlternative_amplitude_bound' depends on axioms: [propext, Classical.choice, Quot.sound]
'Hurst.bumpAlternative_holder_bound' depends on axioms: [propext, Classical.choice, Quot.sound]
'Hurst.bumpAlternative_holder_floor_bound' depends on axioms: [propext, Classical.choice, Quot.sound]
'Hurst.bumpAlternative_mem_hurstHolderClass' depends on axioms: [propext, Classical.choice, Quot.sound]
'Hurst.binaryBumpSum_zero_outside' depends on axioms: [propext, Classical.choice, Quot.sound]
'Hurst.localCalibrationBias_identity' depends on axioms: [propext, Classical.choice, Quot.sound]
'Hurst.localCalibrationBias_leading_tendsto' depends on axioms: [propext, Classical.choice, Quot.sound]
'Hurst.calibrated_decision_measurable' depends on axioms: [propext, Classical.choice, Quot.sound]
'Hurst.q2LogCorrection_lipschitz_closed' depends on axioms: [propext, Classical.choice, Quot.sound]
'Hurst.clippedInverse_calibration_excess' depends on axioms: [propext, Classical.choice, Quot.sound]
'Hurst.clippedInverse_linearization' depends on axioms: [propext, Classical.choice, Quot.sound]
'Hurst.boundedInverse_linearization' depends on axioms: [propext, Classical.choice, Quot.sound]
'Hurst.smooth_clipped_error' depends on axioms: [propext, Classical.choice, Quot.sound]
'Hurst.smooth_clipped_memLp_mse' depends on axioms: [propext, Classical.choice, Quot.sound]
'Hurst.finite_greedy_packing' depends on axioms: [propext, Classical.choice, Quot.sound]
'Hurst.finite_cover_card_bound' depends on axioms: [propext, Classical.choice, Quot.sound]
'Hurst.hamming_generating_function' depends on axioms: [propext, Classical.choice, Quot.sound]
'Hurst.hamming_ball_generating_bound' depends on axioms: [propext, Classical.choice, Quot.sound]
'Hurst.eighth_entropy_identity' depends on axioms: [propext, Classical.choice, Quot.sound]
'Hurst.hamming_ball_entropy_bound' depends on axioms: [propext, Classical.choice, Quot.sound]
'Hurst.binary_code_packing' depends on axioms: [propext, Classical.choice, Quot.sound]
'Hurst.hurstHolder_common_first_stride_log_mean' depends on axioms: [propext, Classical.choice, Quot.sound]
'Hurst.commonFirstStrideIndex_injective' depends on axioms: [propext]
'Hurst.hurstHolder_common_first_stride_log_variance' depends on axioms: [propext, Classical.choice, Quot.sound]
'Hurst.hurstHolder_common_log_bias' depends on axioms: [propext, Classical.choice, Quot.sound]
'Hurst.hurstHolder_common_stride_log_mean' depends on axioms: [propext, Classical.choice, Quot.sound]
'Hurst.commonStrideIndex_injective' depends on axioms: [propext]
'Hurst.hurstHolder_common_stride_log_variance' depends on axioms: [propext, Classical.choice, Quot.sound]
'Hurst.matrix_inverse_uniform_near_compact' depends on axioms: [propext, Classical.choice, Quot.sound]
'Hurst.hurstHolder_smooth_composite_local_bias' depends on axioms: [propext, Classical.choice, Quot.sound]
'Hurst.q1_conditional_allfinite_minimax_mainline' depends on axioms: [propext, Classical.choice, Quot.sound]
'Hurst.q2_conditional_allfinite_minimax_mainline' depends on axioms: [propext, Classical.choice, Quot.sound]
'Hurst.continuous_decision_squared_risk_allfinite' depends on axioms: [propext, Classical.choice, Quot.sound]
'Hurst.unknownScale_q1_minimax_upper_of_raw_moments' depends on axioms: [propext, Classical.choice, Quot.sound]
'Hurst.unknownScale_q2_minimax_upper_of_raw_moments' depends on axioms: [propext, Classical.choice, Quot.sound]
'Hurst.hurstHolder_q1_rawMomentBound' depends on axioms: [propext, Classical.choice, Quot.sound]
'Hurst.hurstHolder_q2_rawMomentBound' depends on axioms: [propext, Classical.choice, Quot.sound]
'Hurst.centeredCrossRpowQuotient_uniform_error' depends on axioms: [propext, Classical.choice, Quot.sound]
'Hurst.localWeightActiveSet_card_ratio_tendsto_two' depends on axioms: [propext, Classical.choice, Quot.sound]
'Hurst.localWeightActiveIndex_rank_coordinate_uniform_tendsto' depends on axioms: [propext,
 Classical.choice,
 Quot.sound]
'Hurst.localWeightActiveIndex_physical_dist_eq_rank_dist' depends on axioms: [propext, Classical.choice, Quot.sound]
'Hurst.localPolynomialWeights_active_bsCoefficient_uniform_tendsto' depends on axioms: [propext,
 Classical.choice,
 Quot.sound]
'Hurst.hurstHolder_q1_critical_logSquared_mean_tendsto' depends on axioms: [propext, Classical.choice, Quot.sound]
'Hurst.hurstHolder_q1_long_logSquared_mean_tendsto' depends on axioms: [propext, Classical.choice, Quot.sound]
'Hurst.hurstHolder_q1_critical_logSquared_secondMoment_tendsto' depends on axioms: [propext,
 Classical.choice,
 Quot.sound]
'Hurst.hurstHolder_q1_long_logSquared_secondMoment_tendsto' depends on axioms: [propext, Classical.choice, Quot.sound]
'Hurst.finite_correlation_square_row_le_cutoff' depends on axioms: [propext, Classical.choice, Quot.sound]
'Hurst.finite_correlation_square_row_le_scaled_tail' depends on axioms: [propext, Classical.choice, Quot.sound]
'Hurst.hurstHolder_q1_actual_kernel_hilbertSchmidt_to_riesz' depends on axioms: [propext, Classical.choice, Quot.sound]
'Hurst.G_one_range' depends on axioms: [propext, Classical.choice, Quot.sound]
'Hurst.G_one_no_preimage' depends on axioms: [propext, Classical.choice, Quot.sound]
'Hurst.clip_mem' depends on axioms: [propext, Classical.choice, Quot.sound]
'Hurst.clip_identity' depends on axioms: [propext, Classical.choice, Quot.sound]
'Hurst.clip_error' depends on axioms: [propext, Classical.choice, Quot.sound]
'Hurst.inverseOne_recovers' depends on axioms: [propext, Classical.choice, Quot.sound]
'Hurst.inverse_affine_sign' depends on axioms: [propext, Classical.choice, Quot.sound]
'Hurst.negative_limit' depends on axioms: [propext, Classical.choice, Quot.sound]
'Hurst.corollary_bias_G' depends on axioms: [propext, Classical.choice, Quot.sound]
'Hurst.corollary_bias_H' depends on axioms: [propext, Classical.choice, Quot.sound]
'Hurst.corollary_printed_mean_wrong' depends on axioms: [propext, Classical.choice, Quot.sound]
'Hurst.leading_half_factor' depends on axioms: [propext, Classical.choice, Quot.sound]
'Hurst.leading_critical_value' depends on axioms: [propext, Classical.choice, Quot.sound]
'Hurst.correctedBump_smooth' depends on axioms: [propext, Classical.choice, Quot.sound]
'Hurst.correctedBump_nonneg' depends on axioms: [propext, Classical.choice, Quot.sound]
'Hurst.correctedBump_positive' depends on axioms: [propext, Classical.choice, Quot.sound]
'Hurst.correctedBump_zero' depends on axioms: [propext, Classical.choice, Quot.sound]
'Hurst.printedBump_growth' depends on axioms: [propext, Classical.choice, Quot.sound]
'Hurst.printedBump_unbounded' depends on axioms: [propext, Classical.choice, Quot.sound]
'Hurst.packing_radius' depends on axioms: [propext, Classical.choice, Quot.sound]
'Hurst.impossible_self_separation' depends on axioms: [propext, Classical.choice, Quot.sound]
'Hurst.spectral_normalization' depends on axioms: [propext, Classical.choice, Quot.sound]
'Hurst.log_square_scale' depends on axioms: [propext, Classical.choice, Quot.sound]
'Hurst.raw_variance_error_limit' depends on axioms: [propext, Classical.choice, Quot.sound]
'Hurst.raw_variance_error_not_bigO' depends on axioms: [propext, Classical.choice, Quot.sound]
'Hurst.normalized_variance' depends on axioms: [propext, Classical.choice, Quot.sound]
'Hurst.grid_distance_sum_le_tsum' depends on axioms: [propext, Classical.choice, Quot.sound]
'Hurst.firstIncrementDecay_nonneg' depends on axioms: [propext, Classical.choice, Quot.sound]
'Hurst.firstIncrementDecay_square_summable' depends on axioms: [propext, Classical.choice, Quot.sound]
'Hurst.correlation_square_row_bound' depends on axioms: [propext, Classical.choice, Quot.sound]
'Hurst.harmonizableCovCoeff_hasDerivAt' depends on axioms: [propext, Classical.choice, Quot.sound]
'Hurst.harmonizableCovCoeff_uniform_derivative_control' depends on axioms: [propext, Classical.choice, Quot.sound]
'Hurst.stationaryQuadratic_translation' depends on axioms: [propext, Classical.choice, Quot.sound]
'Hurst.stationaryQuadratic_finite' depends on axioms: [propext, Classical.choice, Quot.sound]
'Hurst.centralKernel_smooth' depends on axioms: [propext, Classical.choice, Quot.sound]
'Hurst.shiftedKernel_smooth' depends on axioms: [propext, Classical.choice, Quot.sound]
'Hurst.centralKernel_at_zero' depends on axioms: [propext, Classical.choice, Quot.sound]
'Hurst.shiftedKernel_at_zero' depends on axioms: [propext, Classical.choice, Quot.sound]
'Hurst.centralKernel_outside' depends on axioms: [propext, Classical.choice, Quot.sound]
'Hurst.shiftedKernel_outside' depends on axioms: [propext, Classical.choice, Quot.sound]
'Hurst.sampled_shift_identity' depends on axioms: [propext, Classical.choice, Quot.sound]
'Hurst.sampled_stationary_translation' depends on axioms: [propext, Classical.choice, Quot.sound]
'Hurst.no_universal_center_value_limit' depends on axioms: [propext, Classical.choice, Quot.sound]
'Hurst.continuousHurstDecision_edist_le_bound' depends on axioms: [propext, Classical.choice, Quot.sound]
'Hurst.continuousHurstDecision_map_lipschitz' depends on axioms: [propext, Classical.choice, Quot.sound]
'Hurst.gramWeights_moments' depends on axioms: [propext, Classical.choice, Quot.sound]
'Hurst.gramWeights_reproduce' depends on axioms: [propext, Classical.choice, Quot.sound]
'Hurst.direct_local_bias' depends on axioms: [propext, Classical.choice, Quot.sound]
'Hurst.direct_local_bias_on_support' depends on axioms: [propext, Classical.choice, Quot.sound]
'Hurst.direct_local_bias_stable' depends on axioms: [propext, Classical.choice, Quot.sound]
'Hurst.log_bias_from_taylor' depends on axioms: [propext, Classical.choice, Quot.sound]
'Hurst.gramWeights_l1_bound' depends on axioms: [propext, Classical.choice, Quot.sound]
'Hurst.reflected_distribution_limit' depends on axioms: [propext, Classical.choice, Quot.sound]
'Hurst.reflected_gaussian_law' depends on axioms: [propext, Classical.choice, Quot.sound]
'Hurst.centered_gaussian_reflection' depends on axioms: [propext, Classical.choice, Quot.sound]
'Hurst.corrected_corollary_gaussians_distinct' depends on axioms: [propext, Classical.choice, Quot.sound]
'Hurst.corrected_corollary_distribution' depends on axioms: [propext, Classical.choice, Quot.sound]
'Hurst.distribution_add_deterministic' depends on axioms: [propext, Classical.choice, Quot.sound]
'Hurst.distribution_transfer_of_eventual_test_equality' depends on axioms: [propext, Classical.choice, Quot.sound]
'Hurst.equivalentKernel_continuous' depends on axioms: [propext, Classical.choice, Quot.sound]
'Hurst.equivalentKernel_compactSupport' depends on axioms: [propext, Classical.choice, Quot.sound]
'Hurst.equivalentKernel_integral_moment' depends on axioms: [propext, Classical.choice, Quot.sound]
'Hurst.equivalentKernelMoment_reproduces' depends on axioms: [propext, Classical.choice, Quot.sound]
'Hurst.equivalentKernel_integral' depends on axioms: [propext, Classical.choice, Quot.sound]
'Hurst.minimax_ge_testing_error' depends on axioms: [propext, Classical.choice, Quot.sound]
'Hurst.q1SpatialEstimator_decision_measurable' depends on axioms: [propext, Classical.choice, Quot.sound]
'Hurst.q2SpatialEstimator_decision_measurable' depends on axioms: [propext, Classical.choice, Quot.sound]
'Hurst.localPolynomialWeights_eventual_mass' depends on axioms: [propext, Classical.choice, Quot.sound]
'Hurst.averagedLocalWeights_eventual_mass' depends on axioms: [propext, Classical.choice, Quot.sound]
'Hurst.boundedInverse_expected_leading' depends on axioms: [propext, Classical.choice, Quot.sound]
'Hurst.boundedInverse_memLp_two' depends on axioms: [propext, Classical.choice, Quot.sound]
'Hurst.boundedInverse_expected_linearization' depends on axioms: [propext, Classical.choice, Quot.sound]
'Hurst.fano_inequality' depends on axioms: [propext, Classical.choice, Quot.sound]
'Hurst.minimax_fano_lower_bound' depends on axioms: [propext, Classical.choice, Quot.sound]
'Hurst.gaussian_variance_distribution_tendsto' depends on axioms: [propext, Classical.choice, Quot.sound]
'Hurst.featureGaussian_log_CLT_of_polynomial_limits' depends on axioms: [propext, Classical.choice, Quot.sound]
'Hurst.standardizedFeatureObservation_centered_log' depends on axioms: [propext, Classical.choice, Quot.sound]
'Hurst.gaussianLogStatistic_centered_standardized' depends on axioms: [propext, Classical.choice, Quot.sound]
'Hurst.featureGaussian_log_truncation_error' depends on axioms: [propext, Classical.choice, Quot.sound]
'Hurst.gaussianLogTruncationStatistic_memLp_two' depends on axioms: [propext, Classical.choice, Quot.sound]
'Hurst.featureGaussian_log_truncation_test_bound' depends on axioms: [propext, Classical.choice, Quot.sound]
'Hurst.gaussianLogQuadraticStatistic_memLp_two' depends on axioms: [propext, Classical.choice, Quot.sound]
'Hurst.featureGaussian_log_quadratic_error' depends on axioms: [propext, Classical.choice, Quot.sound]
'Hurst.featureGaussian_log_limit_of_quadratic_limit' depends on axioms: [propext, Classical.choice, Quot.sound]
'Hurst.product_quadratic_remainder' depends on axioms: [propext, Classical.choice, Quot.sound]
'Hurst.harmonizableFeature_uniform_quadratic_remainder' depends on axioms: [propext, Classical.choice, Quot.sound]
'Hurst.harmonizableNormalizerSlope_uniform_bound' depends on axioms: [propext, Classical.choice, Quot.sound]
'Hurst.harmonizableSlopeFeature_uniform_bound' depends on axioms: [propext, Classical.choice, Quot.sound]
'Hurst.standardizedFeatureObservation_pair' depends on axioms: [propext, Classical.choice, Quot.sound]
'Hurst.standardizedFeatureObservation_covariance' depends on axioms: [propext, Classical.choice, Quot.sound]
'Hurst.standardizedFeatureObservation_law' depends on axioms: [propext, Classical.choice, Quot.sound]
'Hurst.rawHarmonizableFeature_time_increment_norm' depends on axioms: [propext, Classical.choice, Quot.sound]
'Hurst.harmonizableSlopeFeature_time_increment_bound' depends on axioms: [propext, Classical.choice, Quot.sound]
'Hurst.finite_average_sq_le' depends on axioms: [propext, Classical.choice, Quot.sound]
'Hurst.finite_average_mse_bound' depends on axioms: [propext, Classical.choice, Quot.sound]
'Hurst.abs_finite_product_le' depends on axioms: [propext, Classical.choice, Quot.sound]
'Hurst.finite_product_difference_bound' depends on axioms: [propext, Classical.choice, Quot.sound]
'Hurst.finite_subfamily_square_rows' depends on axioms: [propext, Classical.choice, Quot.sound]
'Hurst.hurstHolder_q1_expected_bias_leading' depends on axioms: [propext, Classical.choice, Quot.sound]
'Hurst.hurstHolder_q1_L1_linearization' depends on axioms: [propext, Classical.choice, Quot.sound]
'Hurst.hurstHolder_q1_pilot_moments' depends on axioms: [propext, Classical.choice, Quot.sound]
'Hurst.hurstHolder_q1_pilot_mse_unknown_scale' depends on axioms: [propext, Classical.choice, Quot.sound]
'Hurst.q1LogScaleEstimator_measurable' depends on axioms: [propext, Classical.choice, Quot.sound]
'Hurst.q1LogScaleEstimator_scale_ae' depends on axioms: [propext, Classical.choice, Quot.sound]
'Hurst.firstScale_weighted_bias' depends on axioms: [propext, Classical.choice, Quot.sound]
'Hurst.hurstHolder_q1_linearScale_bias' depends on axioms: [propext, Classical.choice, Quot.sound]
'Hurst.q1LogScaleEstimator_scale_integral' depends on axioms: [propext, Classical.choice, Quot.sound]
'Hurst.hurstHolder_q1_scale_L1_negligible' depends on axioms: [propext, Classical.choice, Quot.sound]
'Hurst.hurstHolder_q1_optimal_scale_risk' depends on axioms: [propext, Classical.choice, Quot.sound]
'Hurst.hurstHolder_q1_scale_risk_log_squared_over_n' depends on axioms: [propext, Classical.choice, Quot.sound]
'Hurst.hurstHolder_q1_optimal_scale_risk_unknown' depends on axioms: [propext, Classical.choice, Quot.sound]
'Hurst.hurstHolder_q1_linearScale_variance' depends on axioms: [propext, Classical.choice, Quot.sound]
'Hurst.gridStrideFirst_correlation_identity' depends on axioms: [propext, Classical.choice, Quot.sound]
'Hurst.hurstHolder_stride_first_correlation_rows' depends on axioms: [propext, Classical.choice, Quot.sound]
'Hurst.meshVaryingFirstIncrement_remainder' depends on axioms: [propext, Classical.choice, Quot.sound]
'Hurst.grid_stride_covariance_perturbation' depends on axioms: [propext, Classical.choice, Quot.sound]
'Hurst.strideFirstDecay_nonneg' depends on axioms: [propext, Classical.choice, Quot.sound]
'Hurst.strideFirstDecay_square_summable' depends on axioms: [propext, Classical.choice, Quot.sound]
'Hurst.grid_stride_first_separated_gap' depends on axioms: [propext, Classical.choice, Quot.sound]
'Hurst.frozen_stride_first_grid_decay' depends on axioms: [propext, Classical.choice, Quot.sound]
'Hurst.stride_first_correlation_square_row_bound' depends on axioms: [propext, Classical.choice, Quot.sound]
'Hurst.grid_stride_first_step' depends on axioms: [propext, Classical.choice, Quot.sound]
'Hurst.gridStrideFirst_feature_identity' depends on axioms: [propext, Classical.choice, Quot.sound]
'Hurst.hurstHolder_stride_first_covariance' depends on axioms: [propext, Classical.choice, Quot.sound]
'Hurst.hurstHolder_stride_first_log_mean' depends on axioms: [propext, Classical.choice, Quot.sound]
'Hurst.grid_stride_mixed_covariance_bound' depends on axioms: [propext, Classical.choice, Quot.sound]
'Hurst.stride_normalization_factor' depends on axioms: [propext, Classical.choice, Quot.sound]
'Hurst.normalizedFrozenIncrement_stride' depends on axioms: [propext, Classical.choice, Quot.sound]
'Hurst.normalizedVaryingIncrement_stride' depends on axioms: [propext, Classical.choice, Quot.sound]
'Hurst.normalized_stride_covariance_perturbation' depends on axioms: [propext, Classical.choice, Quot.sound]
'Hurst.first_stride_rows_of_covariance' depends on axioms: [propext, Classical.choice, Quot.sound]
'Hurst.hurstHolder_q1_unknown_unit_mse_rate' depends on axioms: [propext, Classical.choice, Quot.sound]
'Hurst.hurstHolder_q1_unknown_scale_expected_bias_leading' depends on axioms: [propext, Classical.choice, Quot.sound]
'Hurst.hurstHolder_q1_unknown_bias_of_scale_L1' depends on axioms: [propext, Classical.choice, Quot.sound]
'Hurst.q1UnknownSpatialEstimator_decision_measurable' depends on axioms: [propext, Classical.choice, Quot.sound]
'Hurst.q1UnknownSpatialEstimator_agrees' depends on axioms: [propext, Classical.choice, Quot.sound]
'Hurst.q1UnknownSpatialEstimator_mem' depends on axioms: [propext, Classical.choice, Quot.sound]
'Hurst.q1UnknownSpatialEstimator_joint_measurable' depends on axioms: [propext, Classical.choice, Quot.sound]
'Hurst.q1UnknownSpatialEstimator_continuous' depends on axioms: [propext, Classical.choice, Quot.sound]
'Hurst.hurstHolder_q1_unknown_expected_bias_leading' depends on axioms: [propext, Classical.choice, Quot.sound]
'Hurst.q1UnknownLocalEstimator_scale_ae' depends on axioms: [propext, Classical.choice, Quot.sound]
'Hurst.q1UnknownLocalEstimator_scale_integral' depends on axioms: [propext, Classical.choice, Quot.sound]
'Hurst.hurstHolder_q1_unknown_Lp_risk' depends on axioms: [propext, Classical.choice, Quot.sound]
'Hurst.hurstHolder_q1_unknown_mse_rate' depends on axioms: [propext, Classical.choice, Quot.sound]
'Hurst.unknownScale_q1_minimax_matched' depends on axioms: [propext, Classical.choice, Quot.sound]
'Hurst.unknownScale_q1_minimax_upper' depends on axioms: [propext, Classical.choice, Quot.sound]
'Hurst.hurstHolder_q1_unknown_scale_test_eq' depends on axioms: [propext, Classical.choice, Quot.sound]
'Hurst.fixedRange_q1_minimax_upper' depends on axioms: [propext, Classical.choice, Quot.sound]
'Hurst.fixedRange_q2_minimax_upper' depends on axioms: [propext, Classical.choice, Quot.sound]
'Hurst.raw_increment_inner_rectangle' depends on axioms: [propext, Classical.choice, Quot.sound]
'Hurst.raw_increment_inner_bound' depends on axioms: [propext, Classical.choice, Quot.sound]
'Hurst.normalizedFrozenIncrement_separated_bound' depends on axioms: [propext, Classical.choice, Quot.sound]
'Hurst.normalizedFrozenIncrement_uniform_decay' depends on axioms: [propext, Classical.choice, Quot.sound]
'Hurst.exp_sub_one_le_exp_mul' depends on axioms: [propext, Classical.choice, Quot.sound]
'Hurst.rpow_sub_one_bound' depends on axioms: [propext, Classical.choice, Quot.sound]
'Hurst.frozenIncrementFeature_diagonal_bound' depends on axioms: [propext, Classical.choice, Quot.sound]
'Hurst.midpointStep_log_bound' depends on axioms: [propext, Classical.choice, Quot.sound]
'Hurst.midpointFrozen_diagonal_bound' depends on axioms: [propext, Classical.choice, Quot.sound]
'Hurst.rpow_difference_bound_of_lower' depends on axioms: [propext, Classical.choice, Quot.sound]
'Hurst.rpow_rectangle_bound' depends on axioms: [propext, Classical.choice, Quot.sound]
'Hurst.harmonizableCovCoeff_nonneg' depends on axioms: [propext, Classical.choice, Quot.sound]
'Hurst.frozenIncrementFeature_inner_rectangle' depends on axioms: [propext, Classical.choice, Quot.sound]
'Hurst.frozenIncrementFeature_inner_bound_separated' depends on axioms: [propext, Classical.choice, Quot.sound]
'Hurst.adjacent_power_shape_bound' depends on axioms: [propext, Classical.choice, Quot.sound]
'Hurst.harmonizableCovCoeff_uniform_bound' depends on axioms: [propext, Classical.choice, Quot.sound]
'Hurst.hurst_sum_deviation' depends on axioms: [propext, Classical.choice, Quot.sound]
'Hurst.rpow_le_exp_of_log_bound' depends on axioms: [propext, Classical.choice, Quot.sound]
'Hurst.rpow_near_one_div_bound' depends on axioms: [propext, Classical.choice, Quot.sound]
'Hurst.frozenIncrementFeature_separated_uniform_bound' depends on axioms: [propext, Classical.choice, Quot.sound]
'Hurst.midpointStep_ge_half' depends on axioms: [propext, Classical.choice, Quot.sound]
'Hurst.midpoint_gap_formula' depends on axioms: [propext, Classical.choice, Quot.sound]
'Hurst.midpoint_gap_log_bound' depends on axioms: [propext, Classical.choice, Quot.sound]
'Hurst.midpoint_sqrt_gap_ratio_bound' depends on axioms: [propext, Classical.choice, Quot.sound]
'Hurst.midpointFrozen_separated_uniform_bound' depends on axioms: [propext, Classical.choice, Quot.sound]
'Hurst.frozenIncrementFeature_adjacent_scaled_inner' depends on axioms: [propext, Classical.choice, Quot.sound]
'Hurst.frozenIncrementFeature_adjacent_scaled_uniform' depends on axioms: [propext, Classical.choice, Quot.sound]
'Hurst.midpointFrozen_adjacent_uniform_bound' depends on axioms: [propext, Classical.choice, Quot.sound]
'Hurst.midpointFrozen_offdiagonal_uniform_bound' depends on axioms: [propext, Classical.choice, Quot.sound]
'Hurst.gaussian_array_log_polynomial_error' depends on axioms: [propext, Classical.choice, Quot.sound]
'Hurst.gaussian_array_log_approximation_uniform' depends on axioms: [propext, Classical.choice, Quot.sound]
'Hurst.gaussianArrayPullback_ae' depends on axioms: [propext, Classical.choice, Quot.sound]
'Hurst.gaussianArrayPullback_second_moment' depends on axioms: [propext, Classical.choice, Quot.sound]
'Hurst.gaussian_array_rank_second_moment' depends on axioms: [propext, Classical.choice, Quot.sound]
'Hurst.standardGaussian_exp_memLp_two' depends on axioms: [propext, Classical.choice, Quot.sound]
'Hurst.memLp_positive_part' depends on axioms: [propext, Classical.choice, Quot.sound]
'Hurst.standardGaussian_L2_moment_total' depends on axioms: [propext, Classical.choice, Quot.sound]
'Hurst.mutualInformation_le_reference' depends on axioms: [propext, Classical.choice, Quot.sound]
'Hurst.mutualInformation_le_of_reference_bound' depends on axioms: [propext, Classical.choice, Quot.sound]
'Hurst.gaussian_fano_frobenius' depends on axioms: [propext, Classical.choice, Quot.sound]
'Hurst.gaussian_minimax_frobenius' depends on axioms: [propext, Classical.choice, Quot.sound]
'Hurst.gaussian_minimax_subfamily_frobenius' depends on axioms: [propext, Classical.choice, Quot.sound]
'Hurst.featureGaussian_covariance' depends on axioms: [propext, Classical.choice, Quot.sound]
'Hurst.featureGaussian_coordinate_variance' depends on axioms: [propext, Classical.choice, Quot.sound]
'Hurst.featureGaussian_linear_covariance' depends on axioms: [propext, Classical.choice, Quot.sound]
'Hurst.featureGaussian_linear_variance' depends on axioms: [propext, Classical.choice, Quot.sound]
'Hurst.featureGaussian_linear_hasGaussianLaw' depends on axioms: [propext, Classical.choice, Quot.sound]
'Hurst.featureGaussian_linear_memLp' depends on axioms: [propext, Classical.choice, Quot.sound]
'Hurst.featureGaussian_linear_mean' depends on axioms: [propext, Classical.choice, Quot.sound]
'Hurst.featureGaussian_linear_map' depends on axioms: [propext, Classical.choice, Quot.sound]
'Hurst.featureGaussian_linear_variance_pos' depends on axioms: [propext, Classical.choice, Quot.sound]
'Hurst.featureGaussian_linear_ae_ne_zero' depends on axioms: [propext, Classical.choice, Quot.sound]
'Hurst.featureGaussian_perturb_variance_lower' depends on axioms: [propext, Classical.choice, Quot.sound]
'Hurst.standardGaussian_density_weight' depends on axioms: [propext, Classical.choice, Quot.sound]
'Hurst.standardGaussian_weight_integral' depends on axioms: [propext, Classical.choice, Quot.sound]
'Hurst.standardGaussian_polynomial_integrable' depends on axioms: [propext, Classical.choice, Quot.sound]
'Hurst.standardGaussian_polynomial_memLp_two' depends on axioms: [propext, Classical.choice, Quot.sound]
'Hurst.standardGaussian_hermite_orthogonality' depends on axioms: [propext, Classical.choice, Quot.sound]
'Hurst.standardGaussian_hermite_mean_succ' depends on axioms: [propext, Classical.choice, Quot.sound]
'Hurst.jointGaussian_hermite_unit_inner' depends on axioms: [propext, Classical.choice, Quot.sound]
'Hurst.jointGaussian_hermite_covariance_expansion' depends on axioms: [propext, Classical.choice, Quot.sound]
'Hurst.gaussianHermiteLp_ae' depends on axioms: [propext, Classical.choice, Quot.sound]
'Hurst.gaussianHermiteLp_inner' depends on axioms: [propext, Classical.choice, Quot.sound]
'Hurst.gaussianHermiteLp_inner_function' depends on axioms: [propext, Classical.choice, Quot.sound]
'Hurst.gaussianHermiteUnit_orthonormal' depends on axioms: [propext, Classical.choice, Quot.sound]
'Hurst.gaussianHermiteUnit_orthogonal_eq_bot' depends on axioms: [propext, Classical.choice, Quot.sound]
'Hurst.gaussianHermiteBasis_apply' depends on axioms: [propext, Classical.choice, Quot.sound]
'Hurst.gaussianHermite_expansion' depends on axioms: [propext, Classical.choice, Quot.sound]
'Hurst.gaussianHermite_parseval' depends on axioms: [propext, Classical.choice, Quot.sound]
'Hurst.klDiv_gaussianReal' depends on axioms: [propext, Classical.choice, Quot.sound]
'Hurst.klDiv_gaussianReal_centered_unit' depends on axioms: [propext, Classical.choice, Quot.sound]
'Hurst.klDiv_multivariateGaussian_unit_spectral' depends on axioms: [propext, Classical.choice, Quot.sound]
'Hurst.klDiv_multivariateGaussian_unit_bound' depends on axioms: [propext, Classical.choice, Quot.sound]
'Hurst.log_deviation_le_sq_div' depends on axioms: [propext, Classical.choice, Quot.sound]
'Hurst.klDiv_multivariateGaussian_unit_bound_of_floor' depends on axioms: [propext, Classical.choice, Quot.sound]
'Hurst.klDiv_multivariateGaussian_unit_bound_quarter' depends on axioms: [propext, Classical.choice, Quot.sound]
'Hurst.eigenvalue_error_sum_eq_matrix_error' depends on axioms: [propext, Classical.choice, Quot.sound]
'Hurst.klDiv_multivariateGaussian_unit_frobenius_quarter' depends on axioms: [propext, Classical.choice, Quot.sound]
'Hurst.klDiv_map_eq_of_comp' depends on axioms: [propext, Classical.choice, Quot.sound]
'Hurst.klDiv_pi_eq_sum' depends on axioms: [propext, Classical.choice, Quot.sound]
'Hurst.multivariateGaussian_diagonal_eq_pi' depends on axioms: [propext, Classical.choice, Quot.sound]
'Hurst.klDiv_multivariateGaussian_zero' depends on axioms: [propext, Classical.choice, Quot.sound]
'Hurst.matrix_row_inner' depends on axioms: [propext, Classical.choice, Quot.sound]
'Hurst.featureGaussian_matrix_covariance' depends on axioms: [propext, Classical.choice, Quot.sound]
'Hurst.featureGaussian_map_matrix' depends on axioms: [propext, Classical.choice, Quot.sound]
'Hurst.klDiv_map_eq_of_leftInverse' depends on axioms: [propext, Classical.choice, Quot.sound]
'Hurst.featureGaussian_klDiv_matrix' depends on axioms: [propext, Classical.choice, Quot.sound]
'Hurst.integrable_log_pow_mul_gaussian' depends on axioms: [propext, Classical.choice, Quot.sound]
'Hurst.integrable_log_pow_gaussianReal' depends on axioms: [propext, Classical.choice, Quot.sound]
'Hurst.integrable_log_square_pow_gaussianReal' depends on axioms: [propext, Classical.choice, Quot.sound]
'Hurst.integrable_abs_log_square_pow_gaussianReal' depends on axioms: [propext, Classical.choice, Quot.sound]
'Hurst.log_square_memLp_two_gaussianReal' depends on axioms: [propext, Classical.choice, Quot.sound]
'Hurst.expected_log_square_gaussianReal' depends on axioms: [propext, Classical.choice, Quot.sound]
'Hurst.featureGaussian_integrable_log_square_pow' depends on axioms: [propext, Classical.choice, Quot.sound]
'Hurst.featureGaussian_log_square_memLp_two' depends on axioms: [propext, Classical.choice, Quot.sound]
'Hurst.featureGaussian_expected_log_square' depends on axioms: [propext, Classical.choice, Quot.sound]
'Hurst.gaussianLogStatistic_memLp_two' depends on axioms: [propext, Classical.choice, Quot.sound]
'Hurst.gaussianLogStatistic_expectation' depends on axioms: [propext, Classical.choice, Quot.sound]
'Hurst.gaussianLogStatistic_variance' depends on axioms: [propext, Classical.choice, Quot.sound]
'Hurst.gaussianLogStatistic_mse' depends on axioms: [propext, Classical.choice, Quot.sound]
'Hurst.centeredGaussianLog_measurable' depends on axioms: [propext, Classical.choice, Quot.sound]
'Hurst.centeredGaussianLog_memLp_two' depends on axioms: [propext, Classical.choice, Quot.sound]
'Hurst.centeredGaussianLog_mean' depends on axioms: [propext, Classical.choice, Quot.sound]
'Hurst.centeredGaussianLog_even' depends on axioms: [propext, Classical.choice, Quot.sound]
'Hurst.gaussianLogSquareVariance_nonneg' depends on axioms: [propext, Classical.choice, Quot.sound]
'Hurst.gaussian_log_square_covariance_bound' depends on axioms: [propext, Classical.choice, Quot.sound]
'Hurst.covariance_congr_ae' depends on axioms: [propext, Classical.choice, Quot.sound]
'Hurst.standard_gaussian_log_inputs' depends on axioms: [propext, Classical.choice, Quot.sound]
'Hurst.gaussian_log_square_covariance_bound_general' depends on axioms: [propext, Classical.choice, Quot.sound]
'Hurst.gaussianLogLp_ae' depends on axioms: [propext, Classical.choice, Quot.sound]
'Hurst.gaussianLog_hermite_coefficient' depends on axioms: [propext, Classical.choice, Quot.sound]
'Hurst.gaussianLog_hermite_coefficient_zero' depends on axioms: [propext, Classical.choice, Quot.sound]
'Hurst.gaussianLog_hermite_coefficient_odd' depends on axioms: [propext, Classical.choice, Quot.sound]
'Hurst.gaussianLog_hermite_rank_at_least_two' depends on axioms: [propext, Classical.choice, Quot.sound]
'Hurst.gaussianLog_hermite_expansion' depends on axioms: [propext, Classical.choice, Quot.sound]
'Hurst.gaussianLog_hermite_parseval' depends on axioms: [propext, Classical.choice, Quot.sound]
'Hurst.gaussianHermite_two' depends on axioms: [propext, Classical.choice, Quot.sound]
'Hurst.gaussianLog_second_hermite_integral' depends on axioms: [propext, Classical.choice, Quot.sound]
'Hurst.gaussianLog_hermite_coefficient_two' depends on axioms: [propext, Classical.choice, Quot.sound]
'Hurst.gaussianLog_hermite_rank_exactly_two' depends on axioms: [propext, Classical.choice, Quot.sound]
'Hurst.gaussianLogResidualLp_ae' depends on axioms: [propext, Classical.choice, Quot.sound]
'Hurst.gaussianHermiteUnit_inner_raw' depends on axioms: [propext, Classical.choice, Quot.sound]
'Hurst.gaussianLogResidual_rank_four' depends on axioms: [propext, Classical.choice, Quot.sound]
'Hurst.gaussianLogLp_norm_sq' depends on axioms: [propext, Classical.choice, Quot.sound]
'Hurst.gaussianLogResidual_norm_sq' depends on axioms: [propext, Classical.choice, Quot.sound]
'Hurst.gaussianLogSquareVariance_ge_two' depends on axioms: [propext, Classical.choice, Quot.sound]
'Hurst.featureGaussian_log_covariance_bound' depends on axioms: [propext, Classical.choice, Quot.sound]
'Hurst.gaussianLogStatistic_variance_correlation_bound' depends on axioms: [propext, Classical.choice, Quot.sound]
'Hurst.gaussianLogStatistic_variance_row_bound' depends on axioms: [propext, Classical.choice, Quot.sound]
'Hurst.gaussian_log_covariance_series' depends on axioms: [propext, Classical.choice, Quot.sound]
'Hurst.gaussianLog_series_term_nonneg' depends on axioms: [propext, Classical.choice, Quot.sound]
'Hurst.gaussian_log_covariance_ge_quadratic' depends on axioms: [propext, Classical.choice, Quot.sound]
'Hurst.gaussian_log_covariance_sharp_bound' depends on axioms: [propext, Classical.choice, Quot.sound]
'Hurst.standardGaussian_integrable_weight' depends on axioms: [propext, Classical.choice, Quot.sound]
'Hurst.gaussianLogSteinPrimitive_continuous' depends on axioms: [propext, Classical.choice, Quot.sound]
'Hurst.gaussianLogSteinPrimitive_derivative' depends on axioms: [propext, Classical.choice, Quot.sound]
'Hurst.gaussianLogSteinPrimitive_tendsto' depends on axioms: [propext, Classical.choice, Quot.sound]
'Hurst.gaussianLogSteinDerivative_integrable' depends on axioms: [propext, Classical.choice, Quot.sound]
'Hurst.gaussianLogSteinDerivative_integral' depends on axioms: [propext, Classical.choice, Quot.sound]
'Hurst.gaussianLogStatistic_mean_approximation' depends on axioms: [propext, Classical.choice, Quot.sound]
'Hurst.gaussianVarianceRatio_pos' depends on axioms: [propext, Classical.choice, Quot.sound]
'Hurst.gaussianVarianceRatio_even' depends on axioms: [propext, Classical.choice, Quot.sound]
'Hurst.gaussianVarianceRatio_density' depends on axioms: [propext, Classical.choice, Quot.sound]
'Hurst.gaussianVarianceRatio_integral' depends on axioms: [propext, Classical.choice, Quot.sound]
'Hurst.gaussianVarianceRatio_integrable' depends on axioms: [propext, Classical.choice, Quot.sound]
'Hurst.gaussianVarianceRatio_product' depends on axioms: [propext, Classical.choice, Quot.sound]
'Hurst.gaussianVarianceRatio_overlap' depends on axioms: [propext, Classical.choice, Quot.sound]
'Hurst.gaussianVarianceRatio_product_integrable' depends on axioms: [propext, Classical.choice, Quot.sound]
'Hurst.gaussianVarianceRatio_overlap_closed' depends on axioms: [propext, Classical.choice, Quot.sound]
'Hurst.gaussianVarianceRatio_product_integrable_closed' depends on axioms: [propext, Classical.choice, Quot.sound]
'Hurst.gaussianVarianceRatio_memLp_two' depends on axioms: [propext, Classical.choice, Quot.sound]
'Hurst.gaussianVarianceRatio_withDensity' depends on axioms: [propext, Classical.choice, Quot.sound]
'Hurst.diagonalRotationCLM_apply' depends on axioms: [propext, Classical.choice, Quot.sound]
'Hurst.gaussian_standard_pair_law' depends on axioms: [propext, Classical.choice, Quot.sound]
'Hurst.gaussian_even_covariance_bound' depends on axioms: [propext, Classical.choice, Quot.sound]
'Hurst.polynomial_gaussian_integrable' depends on axioms: [propext, Classical.choice, Quot.sound]
'Hurst.polynomial_gaussian_tendsto_atTop' depends on axioms: [propext, Classical.choice, Quot.sound]
'Hurst.polynomial_gaussian_tendsto_atBot' depends on axioms: [propext, Classical.choice, Quot.sound]
'Hurst.gaussianWeight_hasDerivAt' depends on axioms: [propext, Classical.choice, Quot.sound]
'Hurst.polynomial_gaussian_stein' depends on axioms: [propext, Classical.choice, Quot.sound]
'Hurst.gaussianLaw_polynomial_integrable' depends on axioms: [propext, Classical.choice, Quot.sound]
'Hurst.gaussianLaw_polynomial_memLp_two' depends on axioms: [propext, Classical.choice, Quot.sound]
'Hurst.gaussianPullback_ae' depends on axioms: [propext, Classical.choice, Quot.sound]
'Hurst.gaussianHermiteUnit_ae' depends on axioms: [propext, Classical.choice, Quot.sound]
'Hurst.gaussianPullback_hermite_ae' depends on axioms: [propext, Classical.choice, Quot.sound]
'Hurst.gaussianPullback_inner' depends on axioms: [propext, Classical.choice, Quot.sound]
'Hurst.standardGaussian_fst_law' depends on axioms: [propext, Classical.choice, Quot.sound]
'Hurst.standardGaussian_affine_pair_law' depends on axioms: [propext, Classical.choice, Quot.sound]
'Hurst.standardGaussian_triangular_pair_map' depends on axioms: [propext, Classical.choice, Quot.sound]
'Hurst.gaussianLogResidual_memLp_two' depends on axioms: [propext, Classical.choice, Quot.sound]
'Hurst.gaussianLogResidual_mean' depends on axioms: [propext, Classical.choice, Quot.sound]
'Hurst.gaussianLogResidual_even' depends on axioms: [propext, Classical.choice, Quot.sound]
'Hurst.gaussian_log_residual_covariance_bound' depends on axioms: [propext, Classical.choice, Quot.sound]
'Hurst.diagonalRotation_involutive' depends on axioms: [propext, Classical.choice, Quot.sound]
'Hurst.gaussianProduct2_map_standard' depends on axioms: [propext, Classical.choice, Quot.sound]
'Hurst.diagonalRotation_measurePreserving' depends on axioms: [propext, Classical.choice, Quot.sound]
'Hurst.diagonalGaussianRatio_withDensity' depends on axioms: [propext, Classical.choice, Quot.sound]
'Hurst.diagonalGaussianRatio_integral_reweight' depends on axioms: [propext, Classical.choice, Quot.sound]
'Hurst.gaussianProduct2_product_memLp' depends on axioms: [propext, Classical.choice, Quot.sound]
'Hurst.correlatedGaussianPair_even_integral_bound' depends on axioms: [propext, Classical.choice, Quot.sound]
'Hurst.featureGaussian_klDiv_smul' depends on axioms: [propext, Classical.choice, Quot.sound]
'Hurst.scaledHarmonizableGaussian_midpoint_klDiv' depends on axioms: [propext, Classical.choice, Quot.sound]
'Hurst.diagonalGaussianRatio_integral' depends on axioms: [propext, Classical.choice, Quot.sound]
'Hurst.diagonalGaussianRatio_integrable' depends on axioms: [propext, Classical.choice, Quot.sound]
'Hurst.diagonalGaussianRatio_product_integrable' depends on axioms: [propext, Classical.choice, Quot.sound]
'Hurst.diagonalGaussianRatio_overlap' depends on axioms: [propext, Classical.choice, Quot.sound]
'Hurst.correlationDiagonalRatio_integral' depends on axioms: [propext, Classical.choice, Quot.sound]
'Hurst.correlationDiagonalRatio_square_integral' depends on axioms: [propext, Classical.choice, Quot.sound]
'Hurst.correlationDiagonalRatio_cross_integral' depends on axioms: [propext, Classical.choice, Quot.sound]
'Hurst.correlationDiagonalRatio_memLp_two' depends on axioms: [propext, Classical.choice, Quot.sound]
'Hurst.integral_square_half_sum_sub_one' depends on axioms: [propext, Classical.choice, Quot.sound]
'Hurst.gaussianSymmetricRatio_memLp_two' depends on axioms: [propext, Classical.choice, Quot.sound]
'Hurst.gaussianSymmetricRatio_square_error' depends on axioms: [propext, Classical.choice, Quot.sound]
'Hurst.abs_integral_mul_le_sqrt_integrals' depends on axioms: [propext, Classical.choice, Quot.sound]
'Hurst.gaussianSymmetricRatio_small_error' depends on axioms: [propext, Classical.choice, Quot.sound]
'Hurst.gaussianSymmetricRatio_test_bound' depends on axioms: [propext, Classical.choice, Quot.sound]
'Hurst.correlationDiagonalRatio_swap' depends on axioms: [propext, Classical.choice, Quot.sound]
'Hurst.symmetric_test_reweighting_identity' depends on axioms: [propext, Classical.choice, Quot.sound]
'Hurst.symmetric_test_reweighting_bound' depends on axioms: [propext, Classical.choice, Quot.sound]
'Hurst.featureGaussian_log_CLT_general_indices' depends on axioms: [propext, Classical.choice, Quot.sound]
'Hurst.mesh_log_ratio_tendsto' depends on axioms: [propext, Classical.choice, Quot.sound]
'Hurst.gridCovarianceError_scaled_tendsto' depends on axioms: [propext, Classical.choice, Quot.sound]
'Hurst.grid_separated_gap' depends on axioms: [propext, Classical.choice, Quot.sound]
'Hurst.frozen_grid_correlation_decay' depends on axioms: [propext, Classical.choice, Quot.sound]
'Hurst.actual_grid_covariance_perturbation' depends on axioms: [propext, Classical.choice, Quot.sound]
'Hurst.vectorCorrelation_bound_of_norm_floor' depends on axioms: [propext, Classical.choice, Quot.sound]
'Hurst.actual_grid_correlation_rows_finite' depends on axioms: [propext, Classical.choice, Quot.sound]
'Hurst.actual_grid_correlation_rows_eventually' depends on axioms: [propext, Classical.choice, Quot.sound]
'Hurst.inverse_mesh_rpow' depends on axioms: [propext, Classical.choice, Quot.sound]
'Hurst.normalizedFrozenIncrement_grid' depends on axioms: [propext, Classical.choice, Quot.sound]
'Hurst.normalizedVaryingIncrement_grid_remainder' depends on axioms: [propext, Classical.choice, Quot.sound]
'Hurst.grid_increment_covariance_perturbation' depends on axioms: [propext, Classical.choice, Quot.sound]
'Hurst.mesh_log_rpow_tendsto' depends on axioms: [propext, Classical.choice, Quot.sound]
'Hurst.gridCovarianceError_tendsto' depends on axioms: [propext, Classical.choice, Quot.sound]
'Hurst.gridCovarianceError_square_row_tendsto' depends on axioms: [propext, Classical.choice, Quot.sound]
'Hurst.hurstHolder_grid_second_log_truncation_error' depends on axioms: [propext, Classical.choice, Quot.sound]
'Hurst.hurstHolder_stride_first_log_truncation_error' depends on axioms: [propext, Classical.choice, Quot.sound]
'Hurst.hurstHolder_grid_second_log_truncation_uniform' depends on axioms: [propext, Classical.choice, Quot.sound]
'Hurst.hurstHolder_stride_first_log_truncation_uniform' depends on axioms: [propext, Classical.choice, Quot.sound]
'Hurst.observationDifferenceWeights_inner' depends on axioms: [propext, Classical.choice, Quot.sound]
'Hurst.observationDifferenceWeights_feature' depends on axioms: [propext, Classical.choice, Quot.sound]
'Hurst.featureGaussian_difference_log_mean' depends on axioms: [propext, Classical.choice, Quot.sound]
'Hurst.featureGaussian_difference_log_moments' depends on axioms: [propext, Classical.choice, Quot.sound]
'Hurst.harmonizableGaussian_difference_log_mean_eq_pair' depends on axioms: [propext, Classical.choice, Quot.sound]
'Hurst.harmonizableGaussian_difference_log_mean_bound' depends on axioms: [propext, Classical.choice, Quot.sound]
'Hurst.grid_firstDifference_step' depends on axioms: [propext, Classical.choice, Quot.sound]
'Hurst.hurstHolder_grid_firstDifference_log_mean' depends on axioms: [propext, Classical.choice, Quot.sound]
'Hurst.hurstHolder_grid_firstDifference_log_mean_eventually' depends on axioms: [propext, Classical.choice, Quot.sound]
'Hurst.actual_grid_log_mean_sharp' depends on axioms: [propext, Classical.choice, Quot.sound]
'Hurst.vectorCorrelation_smul' depends on axioms: [propext, Classical.choice, Quot.sound]
'Hurst.gridDifference_feature_identity' depends on axioms: [propext, Classical.choice, Quot.sound]
'Hurst.gridDifference_correlation_identity' depends on axioms: [propext, Classical.choice, Quot.sound]
'Hurst.actual_grid_local_log_variance' depends on axioms: [propext, Classical.choice, Quot.sound]
'Hurst.weighted_affine_bias_bound' depends on axioms: [propext, Classical.choice, Quot.sound]
'Hurst.actual_q1_mse_from_mean_variance' depends on axioms: [propext, Classical.choice, Quot.sound]
'Hurst.grid_mixed_covariance_bound' depends on axioms: [propext, Classical.choice, Quot.sound]
'Hurst.differenceWhiteningMatrix_diagonal' depends on axioms: [propext, Classical.choice, Quot.sound]
'Hurst.differenceWhiteningMatrix_lowerTriangular' depends on axioms: [propext, Classical.choice, Quot.sound]
'Hurst.differenceWhiteningMatrix_det_ne_zero' depends on axioms: [propext, Classical.choice, Quot.sound]
'Hurst.differenceWhiteningMatrix_feature' depends on axioms: [propext, Classical.choice, Quot.sound]
'Hurst.differenceWhiteningMatrix_apply' depends on axioms: [propext, Classical.choice, Quot.sound]
'Hurst.featureGaussian_map_differenceWhitening' depends on axioms: [propext, Classical.choice, Quot.sound]
'Hurst.featureGaussian_klDiv_differenceWhitening' depends on axioms: [propext, Classical.choice, Quot.sound]
'Hurst.rawHarmonizable_measurable' depends on axioms: [propext, Classical.choice, Quot.sound]
'Hurst.rawHarmonizable_norm_sq' depends on axioms: [propext, Classical.choice, Quot.sound]
'Hurst.rawHarmonizable_norm_sq_even' depends on axioms: [propext, Classical.choice, Quot.sound]
'Hurst.rawHarmonizable_norm_sq_near' depends on axioms: [propext, Classical.choice, Quot.sound]
'Hurst.rawHarmonizable_norm_sq_far' depends on axioms: [propext, Classical.choice, Quot.sound]
'Hurst.rawHarmonizable_memLp' depends on axioms: [propext, Classical.choice, Quot.sound]
'Hurst.rawHarmonizable_norm_sq_density' depends on axioms: [propext, Classical.choice, Quot.sound]
'Hurst.spectralCosineDensity_nonneg' depends on axioms: [propext, Classical.choice, Quot.sound]
'Hurst.spectralCosineDensity_integrable' depends on axioms: [propext, Classical.choice, Quot.sound]
'Hurst.spectralCosineDensity_integral_pos' depends on axioms: [propext, Classical.choice, Quot.sound]
'Hurst.harmonizableD_pos' depends on axioms: [propext, Classical.choice, Quot.sound]
'Hurst.harmonizableD_sq' depends on axioms: [propext, Classical.choice, Quot.sound]
'Hurst.spectralCosineDensity_scale' depends on axioms: [propext, Classical.choice, Quot.sound]
'Hurst.spectralCosineDensity_integral_scale' depends on axioms: [propext, Classical.choice, Quot.sound]
'Hurst.normalizedHarmonizable_memLp' depends on axioms: [propext, Classical.choice, Quot.sound]
'Hurst.harmonizableFeature_ae' depends on axioms: [propext, Classical.choice, Quot.sound]
'Hurst.harmonizableFeature_inner' depends on axioms: [propext, Classical.choice, Quot.sound]
'Hurst.exponential_increment_inner' depends on axioms: [propext, Classical.choice, Quot.sound]
'Hurst.rawHarmonizable_smul' depends on axioms: [propext, Classical.choice, Quot.sound]
'Hurst.rawHarmonizable_inner_density' depends on axioms: [propext, Classical.choice, Quot.sound]
'Hurst.normalizedHarmonizable_inner_density' depends on axioms: [propext, Classical.choice, Quot.sound]
'Hurst.harmonizableFeature_inner_formula' depends on axioms: [propext, Classical.choice, Quot.sound]
'Hurst.harmonizableGaussian_covariance' depends on axioms: [propext, Classical.choice, Quot.sound]
'Hurst.harmonizableFeature_norm_sq' depends on axioms: [propext, Classical.choice, Quot.sound]
'Hurst.harmonizableGaussian_coordinate_variance' depends on axioms: [propext, Classical.choice, Quot.sound]
'Hurst.harmonizableGaussian_covariance_formula' depends on axioms: [propext, Classical.choice, Quot.sound]
'Hurst.harmonizableFeature_inner_same' depends on axioms: [propext, Classical.choice, Quot.sound]
'Hurst.harmonizableFeature_increment_norm_sq' depends on axioms: [propext, Classical.choice, Quot.sound]
'Hurst.harmonizableFeature_brownian_inner' depends on axioms: [propext, Classical.choice, Quot.sound]
'Hurst.hermite_derivative_succ' depends on axioms: [propext, Classical.choice, Quot.sound]
'Hurst.gaussianHermite_zero' depends on axioms: [propext, Classical.choice, Quot.sound]
'Hurst.gaussianHermite_one' depends on axioms: [propext, Classical.choice, Quot.sound]
'Hurst.gaussianHermite_succ' depends on axioms: [propext, Classical.choice, Quot.sound]
'Hurst.gaussianHermite_derivative_succ' depends on axioms: [propext, Classical.choice, Quot.sound]
'Hurst.standardGaussian_polynomial_stein' depends on axioms: [propext, Classical.choice, Quot.sound]
'Hurst.standardGaussian_affine_polynomial_integrable' depends on axioms: [propext, Classical.choice, Quot.sound]
'Hurst.standardGaussian_affine_hermite_stein' depends on axioms: [propext, Classical.choice, Quot.sound]
'Hurst.standardGaussian_conditional_hermite' depends on axioms: [propext, Classical.choice, Quot.sound]
'Hurst.polynomialGaussianIntegral_add' depends on axioms: [propext, Classical.choice, Quot.sound]
'Hurst.polynomialGaussianIntegral_sub' depends on axioms: [propext, Classical.choice, Quot.sound]
'Hurst.polynomialGaussianIntegral_C_mul' depends on axioms: [propext, Classical.choice, Quot.sound]
'Hurst.polynomialGaussianIntegral_X_mul' depends on axioms: [propext, Classical.choice, Quot.sound]
'Hurst.polynomialGaussianIntegral_one' depends on axioms: [propext, Classical.choice, Quot.sound]
'Hurst.polynomialGaussianIntegral_zero' depends on axioms: [propext, Classical.choice, Quot.sound]
'Hurst.polynomialGaussianIntegral_adjoint' depends on axioms: [propext, Classical.choice, Quot.sound]
'Hurst.gaussianHermite_integral_succ' depends on axioms: [propext, Classical.choice, Quot.sound]
'Hurst.gaussianHermite_orthogonality' depends on axioms: [propext, Classical.choice, Quot.sound]
'Hurst.standardGaussian_pair_polynomial_integrable' depends on axioms: [propext, Classical.choice, Quot.sound]
'Hurst.standardGaussian_pair_hermite' depends on axioms: [propext, Classical.choice, Quot.sound]
'Hurst.gaussianHermite_eval_neg' depends on axioms: [propext, Classical.choice, Quot.sound]
'Hurst.standardGaussian_odd_integral' depends on axioms: [propext, Classical.choice, Quot.sound]
'Hurst.standardGaussian_even_odd_hermite' depends on axioms: [propext, Classical.choice, Quot.sound]
'Hurst.hermiteTruncation_polynomial_ae' depends on axioms: [propext, Classical.choice, Quot.sound]
'Hurst.gaussianLog_hermiteTail_polynomial_ae' depends on axioms: [propext, Classical.choice, Quot.sound]
'Hurst.hermite_rank_coefficient_bound' depends on axioms: [propext, Classical.choice, Quot.sound]
'Hurst.jointGaussian_hermite_rank_bound' depends on axioms: [propext, Classical.choice, Quot.sound]
'Hurst.gaussianHermite_span_X_mul' depends on axioms: [propext, Classical.choice, Quot.sound]
'Hurst.gaussianHermite_span_eq_top' depends on axioms: [propext, Classical.choice, Quot.sound]
'Hurst.hermiteTruncation_inner' depends on axioms: [propext, Classical.choice, Quot.sound]
'Hurst.hermiteTruncation_norm_sq' depends on axioms: [propext, Classical.choice, Quot.sound]
'Hurst.hermiteTail_norm_sq' depends on axioms: [propext, Classical.choice, Quot.sound]
'Hurst.gaussianLog_hermiteTail_energy' depends on axioms: [propext, Classical.choice, Quot.sound]
'Hurst.standardGaussian_L2_hermite_total' depends on axioms: [propext, Classical.choice, Quot.sound]
'Hurst.hermiteTruncation_tendsto' depends on axioms: [propext, Classical.choice, Quot.sound]
'Hurst.hermiteTail_tendsto' depends on axioms: [propext, Classical.choice, Quot.sound]
'Hurst.hermiteTail_norm_sq_tendsto' depends on axioms: [propext, Classical.choice, Quot.sound]
'Hurst.hermiteTruncation_coefficient' depends on axioms: [propext, Classical.choice, Quot.sound]
'Hurst.hermiteTail_coefficient' depends on axioms: [propext, Classical.choice, Quot.sound]
'Hurst.hermiteTail_rank' depends on axioms: [propext, Classical.choice, Quot.sound]
'Hurst.hermiteTail_preserves_rank' depends on axioms: [propext, Classical.choice, Quot.sound]
'Hurst.gaussianLog_hermiteTail_rank_two' depends on axioms: [propext, Classical.choice, Quot.sound]
'Hurst.hilbert_diagonal_inner_basis' depends on axioms: [propext, Classical.choice, Quot.sound]
'Hurst.hilbert_diagonal_inner_expansion' depends on axioms: [propext, Classical.choice, Quot.sound]
'Hurst.inner_perturbation_norm_bound' depends on axioms: [propext, Classical.choice, Quot.sound]
'Hurst.norm_floor_of_perturbation' depends on axioms: [propext, Classical.choice, Quot.sound]
'Hurst.vectorCorrelation_bound_of_positive_floor' depends on axioms: [propext, Classical.choice, Quot.sound]
'Hurst.hilbert_weighted_sum_sq_bound' depends on axioms: [propext, Classical.choice, Quot.sound]
'Hurst.hurstHolder_smooth_composite_highest_holder' depends on axioms: [propext, Classical.choice, Quot.sound]
'Hurst.contDiffOn_differentiable_iteratedDeriv' depends on axioms: [propext, Classical.choice, Quot.sound]
'Hurst.hurstHolder_smooth_composite_remainder' depends on axioms: [propext, Classical.choice, Quot.sound]
'Hurst.matrix_inverse_coefficient_bound' depends on axioms: [propext, Classical.choice, Quot.sound]
'Hurst.derivativeNodeMatrix_invertible' depends on axioms: [propext, Classical.choice, Quot.sound]
'Hurst.derivative_nodes_in_domain' depends on axioms: [propext, Classical.choice, Quot.sound]
'Hurst.taylorJet_coefficient_uniform_bound' depends on axioms: [propext, Classical.choice, Quot.sound]
'Hurst.hurstHolder_adjacent_grid_bound' depends on axioms: [propext, Classical.choice, Quot.sound]
'Hurst.hurstHolder_q1_local_mse' depends on axioms: [propext, Classical.choice, Quot.sound]
'Hurst.hurstHolder_q1_uniform_mse_rate' depends on axioms: [propext, Classical.choice, Quot.sound]
'Hurst.hurstHolder_q1_integrated_mse_rate' depends on axioms: [propext, Classical.choice, Quot.sound]
'Hurst.ceil_degree_exponent' depends on axioms: [propext, Classical.choice, Quot.sound]
'Hurst.unit_distance_le_holder' depends on axioms: [propext, Classical.choice, Quot.sound]
'Hurst.hurstHolder_uniform_jets' depends on axioms: [propext, Classical.choice, Quot.sound]
'Hurst.continuousOn_of_holder_real' depends on axioms: [propext, Classical.choice, Quot.sound]
'Hurst.hurstHolder_contDiff_degree' depends on axioms: [propext, Classical.choice, Quot.sound]
'Hurst.hurstHolder_q1_known_scale_Lp_risk' depends on axioms: [propext, Classical.choice, Quot.sound]
'Hurst.hurstHolder_q2_known_scale_Lp_risk' depends on axioms: [propext, Classical.choice, Quot.sound]
'Hurst.hurstHolder_q2_local_mse' depends on axioms: [propext, Classical.choice, Quot.sound]
'Hurst.hurstHolder_q2_uniform_mse_rate' depends on axioms: [propext, Classical.choice, Quot.sound]
'Hurst.hurstHolder_floor_pos' depends on axioms: [propext, Classical.choice, Quot.sound]
'Hurst.hurstHolder_taylor_remainder' depends on axioms: [propext, Classical.choice, Quot.sound]
'Hurst.hurstHolder_taylor_error_le' depends on axioms: [propext, Classical.choice, Quot.sound]
'Hurst.hurstHolder_uniform_derivative_bounds' depends on axioms: [propext, Classical.choice, Quot.sound]
'Hurst.hurstHolder_uniform_lower_derivative_lipschitz' depends on axioms: [propext, Classical.choice, Quot.sound]
'Hurst.hurstHolder_uniform_lipschitz_extension' depends on axioms: [propext, Classical.choice, Quot.sound]
'Hurst.ceil_degree_cases' depends on axioms: [propext, Classical.choice, Quot.sound]
'Hurst.hurstHolder_estimator_degree_remainder' depends on axioms: [propext, Classical.choice, Quot.sound]
'Hurst.hurstHolder_quadratic_remainder' depends on axioms: [propext, Classical.choice, Quot.sound]
'Hurst.hurstHolder_second_difference_bound' depends on axioms: [propext, Classical.choice, Quot.sound]
'Hurst.hurstHolder_second_increment_remainder' depends on axioms: [propext, Classical.choice, Quot.sound]
'Hurst.hurstHolder_q2_p2_known_scale_Lp_risk' depends on axioms: [propext, Classical.choice, Quot.sound]
'Hurst.hurstHolder_q2_p2_local_mse' depends on axioms: [propext, Classical.choice, Quot.sound]
'Hurst.hurstHolder_q2_p2_uniform_mse_rate' depends on axioms: [propext, Classical.choice, Quot.sound]
'Hurst.iteratedDerivWithin_eq_of_mem_nhds' depends on axioms: [propext, Classical.choice, Quot.sound]
'Hurst.contDiffOn_of_differentiable_iteratedDeriv_open' depends on axioms: [propext, Classical.choice, Quot.sound]
'Hurst.interval_taylor_lagrange' depends on axioms: [propext, Classical.choice, Quot.sound]
'Hurst.taylorJet_self' depends on axioms: [propext, Classical.choice, Quot.sound]
'Hurst.taylorJet_succ' depends on axioms: [propext, Classical.choice, Quot.sound]
'Hurst.interval_distance_le' depends on axioms: [propext, Classical.choice, Quot.sound]
'Hurst.holder_taylor_remainder' depends on axioms: [propext, Classical.choice, Quot.sound]
'Hurst.hurstParameter_continuousOn' depends on axioms: [propext, Classical.choice, Quot.sound]
'Hurst.hurstTarget_bump' depends on axioms: [propext, Classical.choice, Quot.sound]
'Hurst.hurst_minimax_finite_code' depends on axioms: [propext, Classical.choice, Quot.sound]
'Hurst.bumpAlternative_boolean_loss_separation' depends on axioms: [propext, Classical.choice, Quot.sound]
'Hurst.hurst_function_packing' depends on axioms: [propext, Classical.choice, Quot.sound]
'Hurst.bumpAlternative_uniform_model_bounds' depends on axioms: [propext, Classical.choice, Quot.sound]
'Hurst.bumpAlternative_klDiv_rate' depends on axioms: [propext, Classical.choice, Quot.sound]
'Hurst.whitenedIncrementFeature_decomposition' depends on axioms: [propext, Classical.choice, Quot.sound]
'Hurst.frozenIncrementFeature_norm_sq' depends on axioms: [propext, Classical.choice, Quot.sound]
'Hurst.hurstVariationFeature_uniform_bound' depends on axioms: [propext, Classical.choice, Quot.sound]
'Hurst.featureCombination_norm_le_of_energy_bound' depends on axioms: [propext, Classical.choice, Quot.sound]
'Hurst.hurstVariationFeature_uniform_operator_bound' depends on axioms: [propext, Classical.choice, Quot.sound]
'Hurst.whitenedIncrementFeature_covariance_decomposition' depends on axioms: [propext, Classical.choice, Quot.sound]
'Hurst.localDesignGram_tendsto' depends on axioms: [propext, Classical.choice, Quot.sound]
'Hurst.localDesignGram_inverse_tendsto' depends on axioms: [propext, Classical.choice, Quot.sound]
'Hurst.localPolynomialWeights_arbitrary_moment' depends on axioms: [propext, Classical.choice, Quot.sound]
'Hurst.localPolynomialWeights_moment_tendsto' depends on axioms: [propext, Classical.choice, Quot.sound]
'Hurst.kernelMomentGrid_interior_bound' depends on axioms: [propext, Classical.choice, Quot.sound]
'Hurst.kernelMomentGrid_tendsto' depends on axioms: [propext, Classical.choice, Quot.sound]
'Hurst.boundedInverse_L1_remainder_tendsto' depends on axioms: [propext, Classical.choice, Quot.sound]
'Hurst.boundedInverse_L1_linearization' depends on axioms: [propext, Classical.choice, Quot.sound]
'Hurst.boundedInverse_rpow_moment' depends on axioms: [propext, Classical.choice, Quot.sound]
'Hurst.boundedInverse_moment_rate' depends on axioms: [propext, Classical.choice, Quot.sound]
'Hurst.unitLpRisk_rate_of_uniform_moment' depends on axioms: [propext, Classical.choice, Quot.sound]
'Hurst.boundedInverse_linearization_in_probability' depends on axioms: [propext, Classical.choice, Quot.sound]
'Hurst.clippedInverse_exists' depends on axioms: [propext, Classical.choice, Quot.sound]
'Hurst.boundedInverse_spec' depends on axioms: [propext, Classical.choice, Quot.sound]
'Hurst.clippedInverse_gap' depends on axioms: [propext, Classical.choice, Quot.sound]
'Hurst.clippedInverse_contraction' depends on axioms: [propext, Classical.choice, Quot.sound]
'Hurst.boundedInverse_error' depends on axioms: [propext, Classical.choice, Quot.sound]
'Hurst.boundedInverse_lipschitz' depends on axioms: [propext, Classical.choice, Quot.sound]
'Hurst.boundedInverse_mse' depends on axioms: [propext, Classical.choice, Quot.sound]
'Hurst.calibrationOne_agrees' depends on axioms: [propext, Classical.choice, Quot.sound]
'Hurst.calibrationTwo_agrees' depends on axioms: [propext, Classical.choice, Quot.sound]
'Hurst.calibrationOne_continuous' depends on axioms: [propext, Classical.choice, Quot.sound]
'Hurst.calibrationOne_strongDecrease' depends on axioms: [propext, Classical.choice, Quot.sound]
'Hurst.calibrationTwo_positive_inside' depends on axioms: [propext, Classical.choice, Quot.sound]
'Hurst.calibrationTwo_continuousOn' depends on axioms: [propext, Classical.choice, Quot.sound]
'Hurst.calibrationTwo_strongDecrease' depends on axioms: [propext, Classical.choice, Quot.sound]
'Hurst.repaired_q1_mse' depends on axioms: [propext, Classical.choice, Quot.sound]
'Hurst.repaired_q2_mse' depends on axioms: [propext, Classical.choice, Quot.sound]
'Hurst.dependent_difference_mse' depends on axioms: [propext, Classical.choice, Quot.sound]
'Hurst.boundedInverse_backfitting_mse' depends on axioms: [propext, Classical.choice, Quot.sound]
'Hurst.upperCutoff_bounds' depends on axioms: [propext, Classical.choice, Quot.sound]
'Hurst.upperCutoff_tendsto' depends on axioms: [propext, Classical.choice, Quot.sound]
'Hurst.upperCutoff_eventually_contains' depends on axioms: [propext, Classical.choice, Quot.sound]
'Hurst.composite_derivative_difference_bound' depends on axioms: [propext, Classical.choice, Quot.sound]
'Hurst.twoScalePilot_joined_statistic' depends on axioms: [propext, Classical.choice, Quot.sound]
'Hurst.q1Pilot_joined_statistic' depends on axioms: [propext, Classical.choice, Quot.sound]
'Hurst.q2Pilot_joined_statistic' depends on axioms: [propext, Classical.choice, Quot.sound]
'Hurst.standard_covariance_abs_le_one' depends on axioms: [propext, Classical.choice, Quot.sound]
'Hurst.joint_standardGaussian_hermite' depends on axioms: [propext, Classical.choice, Quot.sound]
'Hurst.klDiv_map_le' depends on axioms: [propext, Classical.choice, Quot.sound]
'Hurst.sum_klDiv_mixture_le' depends on axioms: [propext, Classical.choice, Quot.sound]
'Hurst.klDiv_prod_eq_add' depends on axioms: [propext, Classical.choice, Quot.sound]
'Hurst.continuousKernelGram_quadratic' depends on axioms: [propext, Classical.choice, Quot.sound]
'Hurst.continuousKernelGram_posDef' depends on axioms: [propext, Classical.choice, Quot.sound]
'Hurst.continuousKernelGram_continuous' depends on axioms: [propext, Classical.choice, Quot.sound]
'Hurst.kernelIntervalDomain_compact' depends on axioms: [propext, Classical.choice, Quot.sound]
'Hurst.kernelIntervalDomain_actual' depends on axioms: [propext, Classical.choice, Quot.sound]
'Hurst.compact_support_interval_clamp' depends on axioms: [propext, Classical.choice, Quot.sound]
'Hurst.continuousKernelGram_moment' depends on axioms: [propext, Classical.choice, Quot.sound]
'Hurst.featureGaussian_known_scale_distribution' depends on axioms: [propext, Classical.choice, Quot.sound]
'Hurst.hurstHolder_q2_known_scale_expected_bias_leading' depends on axioms: [propext, Classical.choice, Quot.sound]
'Hurst.hurstHolder_q1_known_scale_expected_bias_leading' depends on axioms: [propext, Classical.choice, Quot.sound]
'Hurst.hurstHolder_q2_known_scale_L1_linearization' depends on axioms: [propext, Classical.choice, Quot.sound]
'Hurst.hurstHolder_q1_known_scale_L1_linearization' depends on axioms: [propext, Classical.choice, Quot.sound]
'Hurst.featureGaussian_map_smul' depends on axioms: [propext, Classical.choice, Quot.sound]
'Hurst.featureGaussian_known_scale_integral' depends on axioms: [propext, Classical.choice, Quot.sound]
'Hurst.hurstHolder_q1_known_scale_mse_rate' depends on axioms: [propext, Classical.choice, Quot.sound]
'Hurst.hurstHolder_q1_known_scale_integrated_rate' depends on axioms: [propext, Classical.choice, Quot.sound]
'Hurst.integral_abs_le_sqrt_second_moment' depends on axioms: [propext, Classical.choice, Quot.sound]
'Hurst.bounded_lipschitz_integral_L2_bound' depends on axioms: [propext, Classical.choice, Quot.sound]
'Hurst.finite_lattice_interval_card' depends on axioms: [propext, Classical.choice, Quot.sound]
'Hurst.midpoint_active_card_bound' depends on axioms: [propext, Classical.choice, Quot.sound]
'Hurst.linearCalibration_limit' depends on axioms: [propext, Classical.choice, Quot.sound]
'Hurst.variance_add_le_twice' depends on axioms: [propext, Classical.choice, Quot.sound]
'Hurst.variance_linear_combination_le' depends on axioms: [propext, Classical.choice, Quot.sound]
'Hurst.linearScaleCombination_pilot_identity' depends on axioms: [propext, Classical.choice, Quot.sound]
'Hurst.linearScaleCombination_variance' depends on axioms: [propext, Classical.choice, Quot.sound]
'Hurst.linearized_distribution' depends on axioms: [propext, Classical.choice, Quot.sound]
'Hurst.scaled_taylorJet' depends on axioms: [propext, Classical.choice, Quot.sound]
'Hurst.localPolynomial_bias_from_remainder' depends on axioms: [propext, Classical.choice, Quot.sound]
'Hurst.hurstHolder_localPolynomial_bias_interior' depends on axioms: [propext, Classical.choice, Quot.sound]
'Hurst.localDesignGram_continuous' depends on axioms: [propext, Classical.choice, Quot.sound]
'Hurst.localPolynomialWeights_continuousAt' depends on axioms: [propext, Classical.choice, Quot.sound]
'Hurst.continuousOn_bound_of_interior' depends on axioms: [propext, Classical.choice, Quot.sound]
'Hurst.hurstHolder_localPolynomial_bias_closed' depends on axioms: [propext, Classical.choice, Quot.sound]
'Hurst.hurstHolder_localPolynomial_bias' depends on axioms: [propext, Classical.choice, Quot.sound]
'Hurst.localDesignGram_moment' depends on axioms: [propext, Classical.choice, Quot.sound]
'Hurst.localDesignGram_uniform_quadrature' depends on axioms: [propext, Classical.choice, Quot.sound]
'Hurst.localDesignGram_uniform_inverse' depends on axioms: [propext, Classical.choice, Quot.sound]
'Hurst.localKernel_smooth' depends on axioms: [propext, Classical.choice, Quot.sound]
'Hurst.localKernel_nonneg' depends on axioms: [propext, Classical.choice, Quot.sound]
'Hurst.localKernel_pos' depends on axioms: [propext, Classical.choice, Quot.sound]
'Hurst.localKernel_zero' depends on axioms: [propext, Classical.choice, Quot.sound]
'Hurst.localKernel_compactSupport' depends on axioms: [propext, Classical.choice, Quot.sound]
'Hurst.kernelMomentFunction_smooth' depends on axioms: [propext, Classical.choice, Quot.sound]
'Hurst.kernelMomentFunction_compactSupport' depends on axioms: [propext, Classical.choice, Quot.sound]
'Hurst.kernelMomentFunction_derivative_integrable' depends on axioms: [propext, Classical.choice, Quot.sound]
'Hurst.kernelMomentFunction_bounded' depends on axioms: [propext, Classical.choice, Quot.sound]
'Hurst.coefficientPolynomial_coeff' depends on axioms: [propext, Classical.choice, Quot.sound]
'Hurst.coefficientPolynomial_eval' depends on axioms: [propext, Classical.choice, Quot.sound]
'Hurst.coefficientPolynomial_nonzero' depends on axioms: [propext, Classical.choice, Quot.sound]
'Hurst.polynomial_nonzero_in_interval' depends on axioms: [propext, Classical.choice, Quot.sound]
'Hurst.kernel_polynomial_integral_pos' depends on axioms: [propext, Classical.choice, Quot.sound]
'Hurst.localPolynomialWeights_eventual_stability' depends on axioms: [propext, Classical.choice, Quot.sound]
'Hurst.localPolynomial_taylor_remainder_tendsto' depends on axioms: [propext, Classical.choice, Quot.sound]
'Hurst.localPolynomial_bias_leading_tendsto' depends on axioms: [propext, Classical.choice, Quot.sound]
'Hurst.smooth_constant' depends on axioms: [propext, Classical.choice, Quot.sound]
'Hurst.smooth_add' depends on axioms: [propext, Classical.choice, Quot.sound]
'Hurst.smooth_scale' depends on axioms: [propext, Classical.choice, Quot.sound]
'Hurst.smooth_error' depends on axioms: [propext, Classical.choice, Quot.sound]
'Hurst.log_estimator_decomposition' depends on axioms: [propext, Classical.choice, Quot.sound]
'Hurst.polynomial_reproduction' depends on axioms: [propext, Classical.choice, Quot.sound]
'Hurst.smooth_residual_bound' depends on axioms: [propext, Classical.choice, Quot.sound]
'Hurst.backfitting_error_decomposition' depends on axioms: [propext, Classical.choice, Quot.sound]
'Hurst.pilot_scale_cancels' depends on axioms: [propext, Classical.choice, Quot.sound]
'Hurst.diagonal_weight_product' depends on axioms: [propext, Classical.choice, Quot.sound]
'Hurst.diagonal_not_center_value' depends on axioms: [propext, Classical.choice, Quot.sound]
'Hurst.localPolynomialWeights_taylor_reproduce' depends on axioms: [propext, Classical.choice, Quot.sound]
'Hurst.localPolynomial_bias_leading_identity' depends on axioms: [propext, Classical.choice, Quot.sound]
'Hurst.localPolynomial_remainder_bound_on_support' depends on axioms: [propext, Classical.choice, Quot.sound]
'Hurst.localPolynomialWeights_formula' depends on axioms: [propext, Classical.choice, Quot.sound]
'Hurst.localPolynomialWeights_zero' depends on axioms: [propext, Classical.choice, Quot.sound]
'Hurst.localPolynomialWeights_moments' depends on axioms: [propext, Classical.choice, Quot.sound]
'Hurst.localPolynomialWeights_bound_from_inverse' depends on axioms: [propext, Classical.choice, Quot.sound]
'Hurst.localPolynomialWeights_uniform_stability' depends on axioms: [propext, Classical.choice, Quot.sound]
'Hurst.q2LogCorrection_smooth' depends on axioms: [propext, Classical.choice, Quot.sound]
'Hurst.q2LogCorrection_uniform_quadratic' depends on axioms: [propext, Classical.choice, Quot.sound]
'Hurst.q2LogCorrection_uniform_derivative' depends on axioms: [propext, Classical.choice, Quot.sound]
'Hurst.log_norm_square_perturbation' depends on axioms: [propext, Classical.choice, Quot.sound]
'Hurst.hurstDecision_edist' depends on axioms: [propext, Classical.choice, Quot.sound]
'Hurst.minimax_subfamily_reference' depends on axioms: [propext, Classical.choice, Quot.sound]
'Hurst.continuous_memLp_unit' depends on axioms: [propext, Classical.choice, Quot.sound]
'Hurst.continuousHurstDecision_distance_integral' depends on axioms: [propext, Classical.choice, Quot.sound]
'Hurst.bumpAlternative_distance_separation' depends on axioms: [propext, Classical.choice, Quot.sound]
'Hurst.fixedRange_q1_minimax_matched' depends on axioms: [propext, Classical.choice, Quot.sound]
'Hurst.fixedRange_q2_minimax_matched' depends on axioms: [propext, Classical.choice, Quot.sound]
'Hurst.reciprocal_range_sum_eq_harmonic' depends on axioms: [propext, Classical.choice, Quot.sound]
'Hurst.reciprocal_grid_distance_sum_bound' depends on axioms: [propext, Classical.choice, Quot.sound]
'Hurst.matrix_frobenius_bound_of_row_bound' depends on axioms: [propext, Classical.choice, Quot.sound]
'Hurst.matrix_quadratic_bound_of_row_bound' depends on axioms: [propext, Classical.choice, Quot.sound]
'Hurst.midpointFrozen_row_uniform_bound' depends on axioms: [propext, Classical.choice, Quot.sound]
'Hurst.gram_quadratic_error' depends on axioms: [propext, Classical.choice, Quot.sound]
'Hurst.featureCombination_energy_bound_of_gram_rows' depends on axioms: [propext, Classical.choice, Quot.sound]
'Hurst.midpointFrozen_matrix_uniform_bounds' depends on axioms: [propext, Classical.choice, Quot.sound]
'Hurst.midpointFrozen_uniform_lower_bound' depends on axioms: [propext, Classical.choice, Quot.sound]
'Hurst.gram_posDef_of_energy_floor' depends on axioms: [propext, Classical.choice, Quot.sound]
'Hurst.gram_eigenvalue_floor_of_energy_floor' depends on axioms: [propext, Classical.choice, Quot.sound]
'Hurst.midpoint_whitened_gram_uniform_floor' depends on axioms: [propext, Classical.choice, Quot.sound]
'Hurst.scalar_approximation_tendsto' depends on axioms: [propext, Classical.choice, Quot.sound]
'Hurst.scalar_scaled_approximation_tendsto' depends on axioms: [propext, Classical.choice, Quot.sound]
'Hurst.hurstHolder_merged_first_stride_log_variance' depends on axioms: [propext, Classical.choice, Quot.sound]
'Hurst.averaged_gaussianLogStatistic' depends on axioms: [propext, Classical.choice, Quot.sound]
'Hurst.hurstHolder_merged_stride_log_variance' depends on axioms: [propext, Classical.choice, Quot.sound]
'Hurst.averagedLocalWeights_uniform_bounds' depends on axioms: [propext, Classical.choice, Quot.sound]
'Hurst.meshPowerEnvelope_nonneg' depends on axioms: [propext, Classical.choice, Quot.sound]
'Hurst.mesh_positive_power_control_general' depends on axioms: [propext, Classical.choice, Quot.sound]
'Hurst.mesh_power_derivative_bounds_general' depends on axioms: [propext, Classical.choice, Quot.sound]
'Hurst.mesh_power_zero_bounds_general' depends on axioms: [propext, Classical.choice, Quot.sound]
'Hurst.mesh_power_pair_bounds_positive_general' depends on axioms: [propext, Classical.choice, Quot.sound]
'Hurst.mesh_power_pair_bounds_general' depends on axioms: [propext, Classical.choice, Quot.sound]
'Hurst.mesh_parameter_power_bound' depends on axioms: [propext, Classical.choice, Quot.sound]
'Hurst.normalized_mesh_envelope_bound' depends on axioms: [propext, Classical.choice, Quot.sound]
'Hurst.matrix_frobenius_bound_of_entries' depends on axioms: [propext, Classical.choice, Quot.sound]
'Hurst.gram_frobenius_bound_of_energy' depends on axioms: [propext, Classical.choice, Quot.sound]
'Hurst.sq_add_four_le' depends on axioms: [propext, Classical.choice, Quot.sound]
'Hurst.gram_sum_frobenius_bound' depends on axioms: [propext, Classical.choice, Quot.sound]
'Hurst.midpoint_variation_uniform_energy_bound' depends on axioms: [propext, Classical.choice, Quot.sound]
'Hurst.midpoint_whitened_frobenius_components' depends on axioms: [propext, Classical.choice, Quot.sound]
'Hurst.frobenius_components_rate' depends on axioms: [propext, Classical.choice, Quot.sound]
'Hurst.midpoint_whitened_frobenius_rate' depends on axioms: [propext, Classical.choice, Quot.sound]
'Hurst.midpoint_log_lower_bound' depends on axioms: [propext, Classical.choice, Quot.sound]
'Hurst.scaledHarmonizableGaussian_midpoint_klDiv_rate' depends on axioms: [propext, Classical.choice, Quot.sound]
'Hurst.midpointSampleHurst_step_bound' depends on axioms: [propext, Classical.choice, Quot.sound]
'Hurst.scaledHarmonizableGaussian_function_klDiv_rate' depends on axioms: [propext, Classical.choice, Quot.sound]
'Hurst.scaledHarmonizableGaussian_midpoint_klDiv_eventually' depends on axioms: [propext, Classical.choice, Quot.sound]
'Hurst.log_two_mul_le_twice_log' depends on axioms: [propext, Classical.choice, Quot.sound]
'Hurst.kl_smallness_of_paper_condition' depends on axioms: [propext, Classical.choice, Quot.sound]
'Hurst.scaledHarmonizableGaussian_klDiv_proposition_8_1' depends on axioms: [propext, Classical.choice, Quot.sound]
'Hurst.kl_limsup_bound_of_eventually' depends on axioms: [propext, Classical.choice, Quot.sound]
'Hurst.proposition_8_1_function_limsup' depends on axioms: [propext, Classical.choice, Quot.sound]
'Hurst.midpointStep_pos' depends on axioms: [propext, Classical.choice, Quot.sound]
'Hurst.midpointStep_le' depends on axioms: [propext, Classical.choice, Quot.sound]
'Hurst.midpointStep_sum_le_one' depends on axioms: [propext, Classical.choice, Quot.sound]
'Hurst.midpoint_grid_eq_left_add_step' depends on axioms: [propext, Classical.choice, Quot.sound]
'Hurst.midpointLeft_bounds' depends on axioms: [propext, Classical.choice, Quot.sound]
'Hurst.midpoint_intervals_ordered' depends on axioms: [propext, Classical.choice, Quot.sound]
'Hurst.harmonizableFeature_zero' depends on axioms: [propext, Classical.choice, Quot.sound]
'Hurst.frozenBrownian_disjoint_inner' depends on axioms: [propext, Classical.choice, Quot.sound]
'Hurst.midpointBrownian_gram' depends on axioms: [propext, Classical.choice, Quot.sound]
'Hurst.midpointBrownian_transformed_feature' depends on axioms: [propext, Classical.choice, Quot.sound]
'Hurst.harmonizableGaussian_midpoint_klDiv_whitening' depends on axioms: [propext, Classical.choice, Quot.sound]
'Hurst.midpoint_whitened_feature_eq' depends on axioms: [propext, Classical.choice, Quot.sound]
'Hurst.harmonizableGaussian_midpoint_klDiv_decomposition' depends on axioms: [propext, Classical.choice, Quot.sound]
'Hurst.midpoint_variation_uniform_operator_bound' depends on axioms: [propext, Classical.choice, Quot.sound]
'Hurst.minimax_amplitude_choice' depends on axioms: [propext, Classical.choice, Quot.sound]
'Hurst.packing_kl_factor_bound' depends on axioms: [propext, Classical.choice, Quot.sound]
'Hurst.hurst_minimax_lower_eventually' depends on axioms: [propext, Classical.choice, Quot.sound]
'Hurst.theorem_3_1_minimax_liminf' depends on axioms: [propext, Classical.choice, Quot.sound]
'Hurst.minimax_squared_ge_tail' depends on axioms: [propext, Classical.choice, Quot.sound]
'Hurst.fixedRange_minimax_squared_lower' depends on axioms: [propext, Classical.choice, Quot.sound]
'Hurst.minimaxRisk_le_deterministic' depends on axioms: [propext, Classical.choice, Quot.sound]
'Hurst.hurstTarget_continuous_distance' depends on axioms: [propext, Classical.choice, Quot.sound]
'Hurst.continuous_decision_squared_risk' depends on axioms: [propext, Classical.choice, Quot.sound]
'Hurst.nonnegative_base_power_parameter_hasDerivAt' depends on axioms: [propext, Classical.choice, Quot.sound]
'Hurst.harmonizableFeature_increment_cross_inner' depends on axioms: [propext, Classical.choice, Quot.sound]
'Hurst.kernelIncrement_hasDerivAt' depends on axioms: [propext, Classical.choice, Quot.sound]
'Hurst.unit_distance_pair' depends on axioms: [propext, Classical.choice, Quot.sound]
'Hurst.kernelIncrementSlope_mesh_bound' depends on axioms: [propext, Classical.choice, Quot.sound]
'Hurst.kernelIncrement_mesh_parameter_bound' depends on axioms: [propext, Classical.choice, Quot.sound]
'Hurst.frozen_variation_cross_inner' depends on axioms: [propext, Classical.choice, Quot.sound]
'Hurst.midpoint_inverse_sqrt_product_bound' depends on axioms: [propext, Classical.choice, Quot.sound]
'Hurst.midpoint_mixed_uniform_bound' depends on axioms: [propext, Classical.choice, Quot.sound]
'Hurst.kernelIncrementSlope_mesh_bound_general' depends on axioms: [propext, Classical.choice, Quot.sound]
'Hurst.meshPowerEnvelope_antitone' depends on axioms: [propext, Classical.choice, Quot.sound]
'Hurst.kernelIncrement_mesh_parameter_bound_general' depends on axioms: [propext, Classical.choice, Quot.sound]
'Hurst.mesh_positive_power_control' depends on axioms: [propext, Classical.choice, Quot.sound]
'Hurst.positive_power_log_hasDerivAt' depends on axioms: [propext, Classical.choice, Quot.sound]
'Hurst.mesh_power_derivative_bounds' depends on axioms: [propext, Classical.choice, Quot.sound]
'Hurst.mesh_power_zero_bounds' depends on axioms: [propext, Classical.choice, Quot.sound]
'Hurst.mesh_power_pair_bounds_positive' depends on axioms: [propext, Classical.choice, Quot.sound]
'Hurst.mesh_power_pair_bounds' depends on axioms: [propext, Classical.choice, Quot.sound]
'Hurst.halfMeshPoint_grid' depends on axioms: [propext, Classical.choice, Quot.sound]
'Hurst.halfMeshPoint_midpointLeft' depends on axioms: [propext, Classical.choice, Quot.sound]
'Hurst.halfMeshPoint_separated' depends on axioms: [propext, Classical.choice, Quot.sound]
'Hurst.halfMeshPoint_abs_sub' depends on axioms: [propext, Classical.choice, Quot.sound]
'Hurst.entire_eq_of_all_derivatives' depends on axioms: [propext, Classical.choice, Quot.sound]
'Hurst.finite_measure_eq_of_exponential_moments' depends on axioms: [propext, Classical.choice, Quot.sound]
'Hurst.mse_decomposition' depends on axioms: [propext, Classical.choice, Quot.sound]
'Hurst.expected_log_square_scale' depends on axioms: [propext, Classical.choice, Quot.sound]
'Hurst.centered_square_covariance' depends on axioms: [propext, Classical.choice, Quot.sound]
'Hurst.mixture_eq_inv_smul_sum' depends on axioms: [propext, Classical.choice, Quot.sound]
'Hurst.mutualInformation_le_avg_pairwise_kl' depends on axioms: [propext, Classical.choice, Quot.sound]
'Hurst.hurstHolder_q2_nonlinearScale_mse' depends on axioms: [propext, Classical.choice, Quot.sound]
'Hurst.normalized_q1_inverse_measurable' depends on axioms: [propext, Classical.choice, Quot.sound]
'Hurst.normalized_q2_inverse_measurable' depends on axioms: [propext, Classical.choice, Quot.sound]
'Hurst.optimalLocalBandwidth_pos' depends on axioms: [propext, Classical.choice, Quot.sound]
'Hurst.optimalLocalBandwidth_bias_balance' depends on axioms: [propext, Classical.choice, Quot.sound]
'Hurst.optimalLocalBandwidth_variance_balance' depends on axioms: [propext, Classical.choice, Quot.sound]
'Hurst.optimalLocalBandwidth_upper' depends on axioms: [propext, Classical.choice, Quot.sound]
'Hurst.optimalLocalBandwidth_eventual_design' depends on axioms: [propext, Classical.choice, Quot.sound]
'Hurst.optimalLocalBandwidth_power_decomposition' depends on axioms: [propext, Classical.choice, Quot.sound]
'Hurst.optimalLocalBandwidth_power_growth' depends on axioms: [propext, Classical.choice, Quot.sound]
'Hurst.optimalLocalBandwidth_tendsto_zero' depends on axioms: [propext, Classical.choice, Quot.sound]
'Hurst.estimator_distribution_of_balanced_linearization' depends on axioms: [propext, Classical.choice, Quot.sound]
'Hurst.hurstHolder_second_optimal_log_variance' depends on axioms: [propext, Classical.choice, Quot.sound]
'Hurst.hurstHolder_stride_first_optimal_log_variance' depends on axioms: [propext, Classical.choice, Quot.sound]
'Hurst.optimalLocalBandwidth_bias_conditions' depends on axioms: [propext, Classical.choice, Quot.sound]
'Hurst.hurstHolder_second_log_mean_leading_optimal' depends on axioms: [propext, Classical.choice, Quot.sound]
'Hurst.hurstHolder_stride_first_log_mean_leading_optimal' depends on axioms: [propext, Classical.choice, Quot.sound]
'Hurst.optimalLocalBandwidth_fluctuation_balance' depends on axioms: [propext, Classical.choice, Quot.sound]
'Hurst.hurstHolder_q2_optimal_scale_risk' depends on axioms: [propext, Classical.choice, Quot.sound]
'Hurst.boundedInverse_scale_bias_transfer' depends on axioms: [propext, Classical.choice, Quot.sound]
'Hurst.boundedInverse_scale_distribution_transfer' depends on axioms: [propext, Classical.choice, Quot.sound]
'Hurst.boundedInverse_scale_L1_bound' depends on axioms: [propext, Classical.choice, Quot.sound]
'Hurst.boundedInverse_normalized_scale_L1_bound' depends on axioms: [propext, Classical.choice, Quot.sound]
'Hurst.boundedInverse_scale_L1_tendsto' depends on axioms: [propext, Classical.choice, Quot.sound]
'Hurst.L1_expected_bias_transfer' depends on axioms: [propext, Classical.choice, Quot.sound]
'Hurst.nat_log_power_div_rpow_tendsto' depends on axioms: [propext, Classical.choice, Quot.sound]
'Hurst.packingResolution_bounds' depends on axioms: [propext, Classical.choice, Quot.sound]
'Hurst.packingResolution_tendsto' depends on axioms: [propext, Classical.choice, Quot.sound]
'Hurst.packingResolution_amplitude_log_tendsto' depends on axioms: [propext, Classical.choice, Quot.sound]
'Hurst.packingResolution_derivative_entropy_tendsto' depends on axioms: [propext, Classical.choice, Quot.sound]
'Hurst.hurstHolder_q2_pilot_mse_unknown_scale' depends on axioms: [propext, Classical.choice, Quot.sound]
'Hurst.gaussianLogStatistic_smul' depends on axioms: [propext, Classical.choice, Quot.sound]
'Hurst.twoScalePilot_scale_invariant_ae' depends on axioms: [propext, Classical.choice, Quot.sound]
'Hurst.twoScalePilot_scale_integral' depends on axioms: [propext, Classical.choice, Quot.sound]
'Hurst.featureGaussian_pilot_scale_distribution' depends on axioms: [propext, Classical.choice, Quot.sound]
'Hurst.variance_sub_le_twice' depends on axioms: [propext, Classical.choice, Quot.sound]
'Hurst.twoScalePilot_memLp' depends on axioms: [propext, Classical.choice, Quot.sound]
'Hurst.twoScalePilot_variance' depends on axioms: [propext, Classical.choice, Quot.sound]
'Hurst.twoScalePilot_expectation' depends on axioms: [propext, Classical.choice, Quot.sound]
'Hurst.twoScalePilot_weighted_bias' depends on axioms: [propext, Classical.choice, Quot.sound]
'Hurst.taylorWithinEval_eq_taylorJet' depends on axioms: [propext, Classical.choice, Quot.sound]
'Hurst.taylorJet_isLittleO' depends on axioms: [propext, Classical.choice, Quot.sound]
'Hurst.taylorJet_local_remainder' depends on axioms: [propext, Classical.choice, Quot.sound]
'Hurst.powerDifferenceCoeff_nonneg' depends on axioms: [propext, Classical.choice, Quot.sound]
'Hurst.powerDifferenceCoeff_succ' depends on axioms: [propext, Classical.choice, Quot.sound]
'Hurst.powerForwardDifference_hasDerivAt' depends on axioms: [propext, Classical.choice, Quot.sound]
'Hurst.powerForwardDifference_bound' depends on axioms: [propext, Classical.choice, Quot.sound]
'Hurst.powerForwardDifference_four' depends on axioms: [propext, Classical.choice, Quot.sound]
'Hurst.powerDifferenceCoeff_four_bound' depends on axioms: [propext, Classical.choice, Quot.sound]
'Hurst.powerForwardDifference_four_bound' depends on axioms: [propext, Classical.choice, Quot.sound]
'Hurst.rate_transfer_div_square' depends on axioms: [propext, Classical.choice, Quot.sound]
'Hurst.boundedInverse_rate' depends on axioms: [propext, Classical.choice, Quot.sound]
'Hurst.short_memory_q1_d1' depends on axioms: [propext, Classical.choice, Quot.sound]
'Hurst.short_memory_q1_d2' depends on axioms: [propext, Classical.choice, Quot.sound]
'Hurst.short_memory_q1_d3' depends on axioms: [propext, Classical.choice, Quot.sound]
'Hurst.short_memory_q2' depends on axioms: [propext, Classical.choice, Quot.sound]
'Hurst.bandwidth_balance' depends on axioms: [propext, Classical.choice, Quot.sound]
'Hurst.quadrature_exponent' depends on axioms: [propext, Classical.choice, Quot.sound]
'Hurst.d3_p_three_halves_boundary' depends on axioms: [propext, Classical.choice, Quot.sound]
'Hurst.inverse_mse_bound' depends on axioms: [propext, Classical.choice, Quot.sound]
'Hurst.error_sum_square' depends on axioms: [propext, Classical.choice, Quot.sound]
'Hurst.bias_variance_bound' depends on axioms: [propext, Classical.choice, Quot.sound]
'Hurst.log_quadratic_remainder' depends on axioms: [propext, Classical.choice, Quot.sound]
'Hurst.spectralKL_bound' depends on axioms: [propext, Classical.choice, Quot.sound]
'Hurst.symmetric_trace_square' depends on axioms: [propext, Classical.choice, Quot.sound]
'Hurst.Index.indexed_count' does not depend on any axioms
'Hurst.Index.indexed_unique' does not depend on any axioms
'Hurst.Index.indexed_complete' depends on axioms: [propext]
'Hurst.q2LinearScale_eq_average' depends on axioms: [propext, Classical.choice, Quot.sound]
'Hurst.q2LogScaleEstimator_decomposition' depends on axioms: [propext, Classical.choice, Quot.sound]
'Hurst.scaleAverageResolution_design' depends on axioms: [propext, Classical.choice, Quot.sound]
'Hurst.scale_optimal_rate_eventually' depends on axioms: [propext, Classical.choice, Quot.sound]
'Hurst.averagedLocalWeights_sum' depends on axioms: [propext, Classical.choice, Quot.sound]
'Hurst.q2LogScaleEstimator_scale_ae' depends on axioms: [propext, Classical.choice, Quot.sound]
'Hurst.q2LogScaleEstimator_scale_integral' depends on axioms: [propext, Classical.choice, Quot.sound]
'Hurst.q2Pilot_measurable' depends on axioms: [propext, Classical.choice, Quot.sound]
'Hurst.q2LogScaleEstimator_measurable' depends on axioms: [propext, Classical.choice, Quot.sound]
'Hurst.q2LogScaleEstimator_memLp' depends on axioms: [propext, Classical.choice, Quot.sound]
'Hurst.scale_mse_from_components' depends on axioms: [propext, Classical.choice, Quot.sound]
'Hurst.nonnegative_four_term_bound' depends on axioms: [propext, Classical.choice, Quot.sound]
'Hurst.scale_component_rate_bound' depends on axioms: [propext, Classical.choice, Quot.sound]
'Hurst.scaled_L1_probability_tendsto' depends on axioms: [propext, Classical.choice, Quot.sound]
'Hurst.scaled_L1_of_second_moment_tendsto' depends on axioms: [propext, Classical.choice, Quot.sound]
'Hurst.g_scale' depends on axioms: [propext, Classical.choice, Quot.sound]
'Hurst.g_scale_two' depends on axioms: [propext, Classical.choice, Quot.sound]
'Hurst.log_g_scale_two' depends on axioms: [propext, Classical.choice, Quot.sound]
'Hurst.g_two_uniform_lower' depends on axioms: [propext, Classical.choice, Quot.sound]
'Hurst.reflected_square' depends on axioms: [propext, Classical.choice, Quot.sound]
'Hurst.hurstHolder_q2_unknown_scale_expected_bias_of_scale_L1' depends on axioms: [propext,
 Classical.choice,
 Quot.sound]
'Hurst.second_difference_parameter_cancellation' depends on axioms: [propext, Classical.choice, Quot.sound]
'Hurst.second_difference_parameter_rate' depends on axioms: [propext, Classical.choice, Quot.sound]
'Hurst.second_grid_correlation_rows_of_perturbation' depends on axioms: [propext, Classical.choice, Quot.sound]
'Hurst.secondIncrementDecay_nonneg' depends on axioms: [propext, Classical.choice, Quot.sound]
'Hurst.secondIncrementDecay_square_summable' depends on axioms: [propext, Classical.choice, Quot.sound]
'Hurst.second_correlation_square_row_bound' depends on axioms: [propext, Classical.choice, Quot.sound]
'Hurst.hurstHolder_q2_expected_bias_leading' depends on axioms: [propext, Classical.choice, Quot.sound]
'Hurst.hurstHolder_q2_L1_linearization' depends on axioms: [propext, Classical.choice, Quot.sound]
'Hurst.frozenSecondIncrement_eq' depends on axioms: [propext, Classical.choice, Quot.sound]
'Hurst.frozenSecondIncrement_inner_forward' depends on axioms: [propext, Classical.choice, Quot.sound]
'Hurst.frozenSecondIncrement_inner_bound' depends on axioms: [propext, Classical.choice, Quot.sound]
'Hurst.normalizedFrozenSecondIncrement_norm_sq' depends on axioms: [propext, Classical.choice, Quot.sound]
'Hurst.normalizedFrozenSecondIncrement_norm_le' depends on axioms: [propext, Classical.choice, Quot.sound]
'Hurst.normalizedFrozenSecondIncrement_separated_bound' depends on axioms: [propext, Classical.choice, Quot.sound]
'Hurst.normalizedFrozenSecondIncrement_uniform_decay' depends on axioms: [propext, Classical.choice, Quot.sound]
'Hurst.normalizedFrozenSecondIncrement_uniform_norm_floor' depends on axioms: [propext, Classical.choice, Quot.sound]
'Hurst.grid_second_middle_step' depends on axioms: [propext, Classical.choice, Quot.sound]
'Hurst.grid_second_right_step' depends on axioms: [propext, Classical.choice, Quot.sound]
'Hurst.reciprocal_log_error_le_grid_error' depends on axioms: [propext, Classical.choice, Quot.sound]
'Hurst.hurstHolder_grid_second_remainder' depends on axioms: [propext, Classical.choice, Quot.sound]
'Hurst.grid_second_separated_gap' depends on axioms: [propext, Classical.choice, Quot.sound]
'Hurst.frozen_second_grid_correlation_decay' depends on axioms: [propext, Classical.choice, Quot.sound]
'Hurst.hurstHolder_grid_second_log_mean' depends on axioms: [propext, Classical.choice, Quot.sound]
'Hurst.hurstHolder_grid_second_correlation_rows' depends on axioms: [propext, Classical.choice, Quot.sound]
'Hurst.gridSecond_feature_identity' depends on axioms: [propext, Classical.choice, Quot.sound]
'Hurst.gridSecond_correlation_identity' depends on axioms: [propext, Classical.choice, Quot.sound]
'Hurst.hurstHolder_grid_second_log_variance' depends on axioms: [propext, Classical.choice, Quot.sound]
'Hurst.varyingSecondIncrement_uniform_remainder' depends on axioms: [propext, Classical.choice, Quot.sound]
'Hurst.weighted_nonlinear_bias_bound' depends on axioms: [propext, Classical.choice, Quot.sound]
'Hurst.actual_q2_mse_from_mean_variance' depends on axioms: [propext, Classical.choice, Quot.sound]
'Hurst.secondLocalWeights_clamped_continuous' depends on axioms: [propext, Classical.choice, Quot.sound]
'Hurst.q2SpatialEstimator_agrees' depends on axioms: [propext, Classical.choice, Quot.sound]
'Hurst.q2SpatialEstimator_mem' depends on axioms: [propext, Classical.choice, Quot.sound]
'Hurst.q2SpatialEstimator_joint_measurable' depends on axioms: [propext, Classical.choice, Quot.sound]
'Hurst.q2SpatialEstimator_continuous' depends on axioms: [propext, Classical.choice, Quot.sound]
'Hurst.hurstHolder_q2_unknown_bias_of_scale_L1' depends on axioms: [propext, Classical.choice, Quot.sound]
'Hurst.hurstHolder_q2_unknown_scale_test_eq' depends on axioms: [propext, Classical.choice, Quot.sound]
'Hurst.hurstHolder_smooth_composite_quadratic' depends on axioms: [propext, Classical.choice, Quot.sound]
'Hurst.continuous_extension_fixed_range' depends on axioms: [propext, Classical.choice, Quot.sound]
'Hurst.hurstHolder_smooth_composite_linear_bias' depends on axioms: [propext, Classical.choice, Quot.sound]
'Hurst.smooth_uniform_jet_control' depends on axioms: [propext, Classical.choice, Quot.sound]
'Hurst.smooth_differentiable_iteratedDeriv' depends on axioms: [propext, Classical.choice, Quot.sound]
'Hurst.smooth_uniform_quadratic_remainder' depends on axioms: [propext, Classical.choice, Quot.sound]
'Hurst.harmonizableNormalizer_quadratic_remainder' depends on axioms: [propext, Classical.choice, Quot.sound]
'Hurst.clip_continuous' depends on axioms: [propext, Classical.choice, Quot.sound]
'Hurst.localWeights_clamped_continuous' depends on axioms: [propext, Classical.choice, Quot.sound]
'Hurst.q1SpatialEstimator_agrees' depends on axioms: [propext, Classical.choice, Quot.sound]
'Hurst.q1SpatialEstimator_mem' depends on axioms: [propext, Classical.choice, Quot.sound]
'Hurst.q1SpatialEstimator_joint_measurable' depends on axioms: [propext, Classical.choice, Quot.sound]
'Hurst.q1SpatialEstimator_continuous' depends on axioms: [propext, Classical.choice, Quot.sound]
'Hurst.integrated_mse_of_uniform' depends on axioms: [propext, Classical.choice, Quot.sound]
'Hurst.spectralMajorant_nonneg' depends on axioms: [propext, Classical.choice, Quot.sound]
'Hurst.spectralMajorant_log_weight_integrable' depends on axioms: [propext, Classical.choice, Quot.sound]
'Hurst.rawHarmonizable_norm_sq_abs' depends on axioms: [propext, Classical.choice, Quot.sound]
'Hurst.rawHarmonizable_norm_sq_uniform' depends on axioms: [propext, Classical.choice, Quot.sound]
'Hurst.spectralEnvelope_memLp' depends on axioms: [propext, Classical.choice, Quot.sound]
'Hurst.spectralLogEnvelope_memLp' depends on axioms: [propext, Classical.choice, Quot.sound]
'Hurst.rawHarmonizable_norm_uniform' depends on axioms: [propext, Classical.choice, Quot.sound]
'Hurst.rawHarmonizable_hasDerivAt' depends on axioms: [propext, Classical.choice, Quot.sound]
'Hurst.rawHarmonizable_parameter_bound' depends on axioms: [propext, Classical.choice, Quot.sound]
'Hurst.rawHarmonizableFeature_ae' depends on axioms: [propext, Classical.choice, Quot.sound]
'Hurst.rawHarmonizableFeature_uniform_control' depends on axioms: [propext, Classical.choice, Quot.sound]
'Hurst.harmonizableFeature_eq_normalized_raw' depends on axioms: [propext, Classical.choice, Quot.sound]
'Hurst.harmonizableNormalizer_hasDerivAt' depends on axioms: [propext, Classical.choice, Quot.sound]
'Hurst.harmonizableNormalizer_uniform_control' depends on axioms: [propext, Classical.choice, Quot.sound]
'Hurst.harmonizableFeature_uniform_parameter_lipschitz' depends on axioms: [propext, Classical.choice, Quot.sound]
'Hurst.rawHarmonizable_log_weight_integrable' depends on axioms: [propext, Classical.choice, Quot.sound]
'Hurst.spectralCosineDensity_log_weight_integrable' depends on axioms: [propext, Classical.choice, Quot.sound]
'Hurst.spectralCosineDensity_le_endpoints' depends on axioms: [propext, Classical.choice, Quot.sound]
'Hurst.spectralCosineDensity_hasDerivAt' depends on axioms: [propext, Classical.choice, Quot.sound]
'Hurst.spectralCosineDensity_integral_hasDerivAt' depends on axioms: [propext, Classical.choice, Quot.sound]
'Hurst.harmonizableD_differentiableAt' depends on axioms: [propext, Classical.choice, Quot.sound]
'Hurst.harmonizableD_continuousOn' depends on axioms: [propext, Classical.choice, Quot.sound]
'Hurst.harmonizableD_uniform_pos' depends on axioms: [propext, Classical.choice, Quot.sound]
'Hurst.spectralLogMoment_continuousOn' depends on axioms: [propext, Classical.choice, Quot.sound]
'Hurst.harmonizableD_hasDerivAt' depends on axioms: [propext, Classical.choice, Quot.sound]
'Hurst.harmonizableDSlope_continuousOn' depends on axioms: [propext, Classical.choice, Quot.sound]
'Hurst.harmonizableD_uniform_lipschitz' depends on axioms: [propext, Classical.choice, Quot.sound]
'Hurst.rawHarmonizableSlope_memLp' depends on axioms: [propext, Classical.choice, Quot.sound]
'Hurst.rawHarmonizableSlopeFeature_ae' depends on axioms: [propext, Classical.choice, Quot.sound]
'Hurst.spectralLogSquareEnvelope_memLp' depends on axioms: [propext, Classical.choice, Quot.sound]
'Hurst.rawHarmonizable_quadratic_remainder' depends on axioms: [propext, Classical.choice, Quot.sound]
'Hurst.rawHarmonizableFeature_uniform_quadratic_remainder' depends on axioms: [propext, Classical.choice, Quot.sound]
'Hurst.rawHarmonizableSlopeFeature_uniform_bound' depends on axioms: [propext, Classical.choice, Quot.sound]
'Hurst.spectralLogMoment_hasDerivAt' depends on axioms: [propext, Classical.choice, Quot.sound]
'Hurst.spectralLogMoment_smooth' depends on axioms: [propext, Classical.choice, Quot.sound]
'Hurst.harmonizableD_smooth' depends on axioms: [propext, Classical.choice, Quot.sound]
'Hurst.harmonizableNormalizer_smooth' depends on axioms: [propext, Classical.choice, Quot.sound]
'Hurst.smooth_uniform_iteratedDeriv_bound' depends on axioms: [propext, Classical.choice, Quot.sound]
'Hurst.harmonizableD_all_derivatives_uniform' depends on axioms: [propext, Classical.choice, Quot.sound]
'Hurst.harmonizableNormalizer_all_derivatives_uniform' depends on axioms: [propext, Classical.choice, Quot.sound]
'Hurst.harmonizableCovCoeff_smooth' depends on axioms: [propext, Classical.choice, Quot.sound]
'Hurst.harmonizableCovCoeff_all_derivatives_uniform' depends on axioms: [propext, Classical.choice, Quot.sound]
'Hurst.rawHarmonizable_time_shift' depends on axioms: [propext, Classical.choice, Quot.sound]
'Hurst.rawHarmonizable_time_shift_norm' depends on axioms: [propext, Classical.choice, Quot.sound]
'Hurst.rawHarmonizableSlope_time_shift_norm' depends on axioms: [propext, Classical.choice, Quot.sound]
'Hurst.rawHarmonizable_time_scale' depends on axioms: [propext, Classical.choice, Quot.sound]
'Hurst.rawHarmonizableSlope_time_scale' depends on axioms: [propext, Classical.choice, Quot.sound]
'Hurst.lp_two_norm_sq_integral' depends on axioms: [propext, Classical.choice, Quot.sound]
'Hurst.rawHarmonizableSlopeFeature_time_shift_norm' depends on axioms: [propext, Classical.choice, Quot.sound]
'Hurst.rawHarmonizableSlopeFeature_time_scale_norm' depends on axioms: [propext, Classical.choice, Quot.sound]
'Hurst.rawHarmonizableSlopeFeature_time_increment_bound' depends on axioms: [propext, Classical.choice, Quot.sound]
'Hurst.harmonizableFeature_increment_inner' depends on axioms: [propext, Classical.choice, Quot.sound]
'Hurst.secondDifferenceFeature_norm_sq' depends on axioms: [propext, Classical.choice, Quot.sound]
'Hurst.g_two_zero' depends on axioms: [propext, Classical.choice, Quot.sound]
'Hurst.secondDifferenceFeature_norm_sq_eq_g' depends on axioms: [propext, Classical.choice, Quot.sound]
'Hurst.g_one_two_pos' depends on axioms: [propext, Classical.choice, Quot.sound]
'Hurst.g_one_two_continuousOn' depends on axioms: [propext, Classical.choice, Quot.sound]
'Hurst.g_one_two_uniform_pos' depends on axioms: [propext, Classical.choice, Quot.sound]
'Hurst.secondDifferenceWeights_inner' depends on axioms: [propext, Classical.choice, Quot.sound]
'Hurst.secondDifferenceWeights_feature' depends on axioms: [propext, Classical.choice, Quot.sound]
'Hurst.stationaryTriple_secondDifference_variance' depends on axioms: [propext, Classical.choice, Quot.sound]
'Hurst.secondDifferenceFeature_ne_zero' depends on axioms: [propext, Classical.choice, Quot.sound]
'Hurst.stationaryTriple_secondDifference_log_mean' depends on axioms: [propext, Classical.choice, Quot.sound]
'Hurst.stationaryTriple_secondDifference_log_moments' depends on axioms: [propext, Classical.choice, Quot.sound]
'Hurst.stride_second_grid_correlation_rows_of_perturbation' depends on axioms: [propext, Classical.choice, Quot.sound]
'Hurst.strideSecondDecay_nonneg' depends on axioms: [propext, Classical.choice, Quot.sound]
'Hurst.strideSecondDecay_square_summable' depends on axioms: [propext, Classical.choice, Quot.sound]
'Hurst.grid_stride_separated_gap' depends on axioms: [propext, Classical.choice, Quot.sound]
'Hurst.frozen_stride_second_grid_decay' depends on axioms: [propext, Classical.choice, Quot.sound]
'Hurst.stride_second_correlation_square_row_bound' depends on axioms: [propext, Classical.choice, Quot.sound]
'Hurst.grid_stride_middle' depends on axioms: [propext, Classical.choice, Quot.sound]
'Hurst.grid_stride_right' depends on axioms: [propext, Classical.choice, Quot.sound]
'Hurst.stride_log_error_le_grid_error' depends on axioms: [propext, Classical.choice, Quot.sound]
'Hurst.hurstHolder_grid_stride_second_remainder' depends on axioms: [propext, Classical.choice, Quot.sound]
'Hurst.hurstHolder_grid_stride_second_log_mean' depends on axioms: [propext, Classical.choice, Quot.sound]
'Hurst.hurstHolder_grid_stride_second_correlation_rows' depends on axioms: [propext, Classical.choice, Quot.sound]
'Hurst.gridStrideSecond_feature_identity' depends on axioms: [propext, Classical.choice, Quot.sound]
'Hurst.gridStrideSecond_correlation_identity' depends on axioms: [propext, Classical.choice, Quot.sound]
'Hurst.hurstHolder_grid_stride_second_log_variance' depends on axioms: [propext, Classical.choice, Quot.sound]
'Hurst.hurst_minimax_subclass_finite_code' depends on axioms: [propext, Classical.choice, Quot.sound]
'Hurst.hurst_minimax_subclass_lower_eventually' depends on axioms: [propext, Classical.choice, Quot.sound]
'Hurst.fixedRange_bump_inclusion' depends on axioms: [propext, Classical.choice, Quot.sound]
'Hurst.fixedRange_minimax_lower_liminf' depends on axioms: [propext, Classical.choice, Quot.sound]
'Hurst.tailLoss_monotone' depends on axioms: [propext, Classical.choice, Quot.sound]
'Hurst.real_fano_fraction_bound' depends on axioms: [propext, Classical.choice, Quot.sound]
'Hurst.positive_tailLoss' depends on axioms: [propext, Classical.choice, Quot.sound]
'Hurst.hurstTailRisk_eq_probability' depends on axioms: [propext, Classical.choice, Quot.sound]
'Hurst.continuous_transform_mse' depends on axioms: [propext, Classical.choice, Quot.sound]
'Hurst.scalar_double_approximation' depends on axioms: [propext, Classical.choice, Quot.sound]
'Hurst.triangular_L1_approximation' depends on axioms: [propext, Classical.choice, Quot.sound]
'Hurst.triangular_L2_approximation' depends on axioms: [propext, Classical.choice, Quot.sound]
'Hurst.lipschitz_integral_L1_bound' depends on axioms: [propext, Classical.choice, Quot.sound]
'Hurst.triangular_L1_distribution_transfer' depends on axioms: [propext, Classical.choice, Quot.sound]
'Hurst.q1TwoBandwidth_scale_integral' depends on axioms: [propext, Classical.choice, Quot.sound]
'Hurst.hurstHolder_q1_twoBandwidth_scale_distribution_transfer' depends on axioms: [propext,
 Classical.choice,
 Quot.sound]
'Hurst.oscillation_le_derivative_integral' depends on axioms: [propext, Classical.choice, Quot.sound]
'Hurst.midpoint_cell_quadrature' depends on axioms: [propext, Classical.choice, Quot.sound]
'Hurst.shifted_midpoint_quadrature' depends on axioms: [propext, Classical.choice, Quot.sound]
'Hurst.shifted_midpoint_quadrature_uniform' depends on axioms: [propext, Classical.choice, Quot.sound]
'Hurst.finite_tail_sum_bound' depends on axioms: [propext, Classical.choice, Quot.sound]
'Hurst.midpoint_design_quadrature_uniform' depends on axioms: [propext, Classical.choice, Quot.sound]
'Hurst.unitLpLoss_nonneg' depends on axioms: [propext, Classical.choice, Quot.sound]
'Hurst.unitLpLoss_le_squared_integral' depends on axioms: [propext, Classical.choice, Quot.sound]
'Hurst.unitLpLoss_measurable' depends on axioms: [propext, Classical.choice, Quot.sound]
'Hurst.unitLpRisk_le_integrated_mse' depends on axioms: [propext, Classical.choice, Quot.sound]
'Hurst.hurstHolder_q2_logScale_mse_unit' depends on axioms: [propext, Classical.choice, Quot.sound]
'Hurst.hurstHolder_q2_unknown_unit_mse_rate' depends on axioms: [propext, Classical.choice, Quot.sound]
'Hurst.q2UnknownSpatialEstimator_decision_measurable' depends on axioms: [propext, Classical.choice, Quot.sound]
'Hurst.q2UnknownSpatialEstimator_agrees' depends on axioms: [propext, Classical.choice, Quot.sound]
'Hurst.q2UnknownSpatialEstimator_mem' depends on axioms: [propext, Classical.choice, Quot.sound]
'Hurst.q2UnknownSpatialEstimator_joint_measurable' depends on axioms: [propext, Classical.choice, Quot.sound]
'Hurst.q2UnknownSpatialEstimator_continuous' depends on axioms: [propext, Classical.choice, Quot.sound]
'Hurst.minimaxRisk_restrict_le' depends on axioms: [propext, Classical.choice, Quot.sound]
'Hurst.knownScale_minimax_le_unknown' depends on axioms: [propext, Classical.choice, Quot.sound]
'Hurst.unknownScale_minimax_squared_lower' depends on axioms: [propext, Classical.choice, Quot.sound]
'Hurst.q2UnknownLocalEstimator_scale_ae' depends on axioms: [propext, Classical.choice, Quot.sound]
'Hurst.q2UnknownLocalEstimator_scale_integral' depends on axioms: [propext, Classical.choice, Quot.sound]
'Hurst.hurstHolder_q2_unknown_Lp_risk' depends on axioms: [propext, Classical.choice, Quot.sound]
'Hurst.hurstHolder_q2_unknown_mse_rate' depends on axioms: [propext, Classical.choice, Quot.sound]
'Hurst.unknownScale_q2_minimax_matched' depends on axioms: [propext, Classical.choice, Quot.sound]
'Hurst.unknownScale_q2_minimax_upper' depends on axioms: [propext, Classical.choice, Quot.sound]
'Hurst.hurstHolder_q2_logScale_mse_unknown_scale' depends on axioms: [propext, Classical.choice, Quot.sound]
'Hurst.normalizedFrozenIncrement_norm_sq' depends on axioms: [propext, Classical.choice, Quot.sound]
'Hurst.normalizedFrozenIncrement_norm' depends on axioms: [propext, Classical.choice, Quot.sound]
'Hurst.normalizedVaryingIncrement_uniform_remainder' depends on axioms: [propext, Classical.choice, Quot.sound]
'Hurst.norm_square_error_from_unit' depends on axioms: [propext, Classical.choice, Quot.sound]
'Hurst.norm_square_lower_from_unit' depends on axioms: [propext, Classical.choice, Quot.sound]
'Hurst.log_norm_square_error_from_unit' depends on axioms: [propext, Classical.choice, Quot.sound]
'Hurst.firstDifferenceWeights_inner' depends on axioms: [propext, Classical.choice, Quot.sound]
'Hurst.firstDifferenceWeights_feature' depends on axioms: [propext, Classical.choice, Quot.sound]
'Hurst.varyingIncrement_normalized_identity' depends on axioms: [propext, Classical.choice, Quot.sound]
'Hurst.varyingPair_log_mean_from_remainder' depends on axioms: [propext, Classical.choice, Quot.sound]
'Hurst.varyingPair_uniform_log_mean' depends on axioms: [propext, Classical.choice, Quot.sound]
'Hurst.weight_square_sum_le' depends on axioms: [propext, Classical.choice, Quot.sound]
'Hurst.localPolynomialWeights_energy' depends on axioms: [propext, Classical.choice, Quot.sound]
'Hurst.hilbert_weighted_sum_sq_double_bound' depends on axioms: [propext, Classical.choice, Quot.sound]
'Hurst.gaussian_array_rank_double_moment' depends on axioms: [propext, Classical.choice, Quot.sound]
'Hurst.featureGaussian_log_quadratic_weighted_error' depends on axioms: [propext, Classical.choice, Quot.sound]
'Hurst.featureGaussian_log_limit_of_quadratic_weighted_limit' depends on axioms: [propext, Classical.choice, Quot.sound]
'Hurst.symmetric_row_quadratic_bound' depends on axioms: [propext, Classical.choice, Quot.sound]
'Hurst.sum_range_one_add_rpow_neg_le' depends on axioms: [propext, Classical.choice, Quot.sound]
'Hurst.sum_fin_rankRieszTerm_le' depends on axioms: [propext, Classical.choice, Quot.sound]
'Hurst.rankRieszUnitKernel_abs_le_one' depends on axioms: [propext, Classical.choice, Quot.sound]
'Hurst.rankRieszKernel_band_energy_le' depends on axioms: [propext, Classical.choice, Quot.sound]
'Hurst.rankRieszKernel_energy_le_power_sum' depends on axioms: [propext, Classical.choice, Quot.sound]
'Hurst.localWeightActiveSet_card_mul_sq_tendsto_zero' depends on axioms: [propext, Classical.choice, Quot.sound]
'Hurst.hurstHolder_stride_first_active_correlation_square_average_tail' depends on axioms: [propext,
 Classical.choice,
 Quot.sound]
'Hurst.hurstHolder_grid_second_active_correlation_square_average_tail' depends on axioms: [propext,
 Classical.choice,
 Quot.sound]
'Hurst.activeBSPolynomial_mean_zero' depends on axioms: [propext, Classical.choice, Quot.sound]
'Hurst.activeBSPolynomial_hermite_orthogonal' depends on axioms: [propext, Classical.choice, Quot.sound]
'Hurst.activeBSPolynomial_normalized_sum' depends on axioms: [propext, Classical.choice, Quot.sound]
'Hurst.gaussianLogTruncationPolynomial_hermite_rank_two' depends on axioms: [propext, Classical.choice, Quot.sound]
'Hurst.activeGaussianLogBSPolynomial_mean_zero' depends on axioms: [propext, Classical.choice, Quot.sound]
'Hurst.activeGaussianLogBSPolynomial_hermite_rank_two' depends on axioms: [propext, Classical.choice, Quot.sound]
'Hurst.featureCorrelation_row_sum_restrict' depends on axioms: [propext, Classical.choice, Quot.sound]
'Hurst.gaussianLogTruncationStatistic_local_active_identDistrib' depends on axioms: [propext,
 Classical.choice,
 Quot.sound]
'Hurst.hurstHolder_stride_first_active_correlation_rows' depends on axioms: [propext, Classical.choice, Quot.sound]
'Hurst.hurstHolder_grid_second_active_correlation_rows' depends on axioms: [propext, Classical.choice, Quot.sound]
'Hurst.equivalentKernel_square_integral_pos' depends on axioms: [propext, Classical.choice, Quot.sound]
'Hurst.firstIncrement_symmetric_truncationCovariance_pos' depends on axioms: [propext, Classical.choice, Quot.sound]
'Hurst.secondIncrement_symmetric_truncationCovariance_pos' depends on axioms: [propext, Classical.choice, Quot.sound]
'Hurst.firstIncrement_full_truncatedVariance_limit_pos' depends on axioms: [propext, Classical.choice, Quot.sound]
'Hurst.secondIncrement_full_truncatedVariance_limit_pos' depends on axioms: [propext, Classical.choice, Quot.sound]
'Hurst.gaussianLogTruncationPolynomial_hermite_orthogonal' depends on axioms: [propext, Classical.choice, Quot.sound]
'Hurst.gaussianLogTruncationPolynomial_rank_two' depends on axioms: [propext, Classical.choice, Quot.sound]
'Hurst.exists_strictMono_rowSize_subsequence' depends on axioms: [propext, Classical.choice, Quot.sound]
'Hurst.tendstoInDistribution_of_every_subsequence' depends on axioms: [propext, Classical.choice, Quot.sound]
'Hurst.tendstoInDistribution_of_identDistrib_rows' depends on axioms: [propext, Classical.choice, Quot.sound]
'Hurst.TendstoInDistribution.comp_atTop' depends on axioms: [propext, Classical.choice, Quot.sound]
'Hurst.tendstoInDistribution_of_identDistrib_exactRows' depends on axioms: [propext, Classical.choice, Quot.sound]
'Hurst.tendstoInDistribution_congr_eventually' depends on axioms: [propext, Classical.choice, Quot.sound]
'Hurst.lebesgueUnitIntervalFeature_inner' depends on axioms: [propext, Classical.choice, Quot.sound]
'Hurst.lebesgueUnitIntervalFeature_norm' depends on axioms: [propext, Classical.choice, Quot.sound]
'Hurst.paddedFeatureRow_correlation_castAdd' depends on axioms: [propext, Classical.choice, Quot.sound]
'Hurst.paddedFeatureRow_correlation_cross' depends on axioms: [propext, Classical.choice, Quot.sound]
'Hurst.paddedFeatureRow_correlation_natAdd' depends on axioms: [propext, Classical.choice, Quot.sound]
'Hurst.paddedPolynomialRow_normalized_sum' depends on axioms: [propext, Classical.choice, Quot.sound]
'Hurst.paddedCoefficientRow_uniform_tendsto' depends on axioms: [propext, Classical.choice, Quot.sound]
'Hurst.paddedFeatureRow_truncationCovariance_sum' depends on axioms: [propext, Classical.choice, Quot.sound]
'Hurst.paddedFeatureRow_normalized_truncation_variance' depends on axioms: [propext, Classical.choice, Quot.sound]
'Hurst.paddedFeatureRow_correlation_square_tail_sum_eq' depends on axioms: [propext, Classical.choice, Quot.sound]
'Hurst.padding_fraction_tendsto_zero' depends on axioms: [propext, Classical.choice, Quot.sound]
'Hurst.paddedFeatureRow_normalized_truncation_variance_tendsto' depends on axioms: [propext,
 Classical.choice,
 Quot.sound]
'Hurst.paddedFeatureRow_correlation_square_average_tail' depends on axioms: [propext, Classical.choice, Quot.sound]
'Hurst.hurstHolder_q1_actual_kernel_hilbertSchmidt_to_riesz_closed' depends on axioms: [propext,
 Classical.choice,
 Quot.sound]
'Hurst.realScaleMeshEnergy_left_weight_sub_tendsto_zero' depends on axioms: [propext, Classical.choice, Quot.sound]
'Hurst.hurstHolder_q1_actual_weighted_kernel_hilbertSchmidt_to_riesz' depends on axioms: [propext,
 Classical.choice,
 Quot.sound]
'Hurst.hurstHolder_q1_actual_quadratic_secondChaos_of_weighted_kernel' depends on axioms: [propext,
 Classical.choice,
 Quot.sound]
'Hurst.IsSecondChaosSeriesLaw.partial_tendstoInDistribution' depends on axioms: [propext, Classical.choice, Quot.sound]
'Hurst.iid_standardGaussian_centeredSquare_finset_L2' depends on axioms: [propext, Classical.choice, Quot.sound]
'Hurst.secondChaosSeriesPartial_coefficients_tendstoInDistribution' depends on axioms: [propext,
 Classical.choice,
 Quot.sound]
'Hurst.tendstoInDistribution_of_secondChaos_spectral_truncations' depends on axioms: [propext,
 Classical.choice,
 Quot.sound]
'Hurst.jointStandardGaussian_centeredSquare_integral' depends on axioms: [propext, Classical.choice, Quot.sound]
'Hurst.jointStandardGaussian_weightedCenteredSquares_secondMoment' depends on axioms: [propext,
 Classical.choice,
 Quot.sound]
'Hurst.featureCorrelation_standardizedFeatureVector_basis' depends on axioms: [propext, Classical.choice, Quot.sound]
'Hurst.active_correlation_square_row_le_full' depends on axioms: [propext, Classical.choice, Quot.sound]
'Hurst.active_standardizedFeatureVector_correlation_square_row_le' depends on axioms: [propext,
 Classical.choice,
 Quot.sound]
'Hurst.gaussianLogTruncationStatistic_activeBS_identDistrib' depends on axioms: [propext, Classical.choice, Quot.sound]
'Hurst.gaussianLogTruncationStatistic_activeBS_variance_eq' depends on axioms: [propext, Classical.choice, Quot.sound]
'Hurst.nat_succ_cast_div_self_tendsto_one' depends on axioms: [propext, Classical.choice, Quot.sound]
'Hurst.nat_succ_log_div_log_tendsto_one' depends on axioms: [propext, Classical.choice, Quot.sound]
'Hurst.optimalLocalEffectiveSize_succ_ratio_tendsto_one' depends on axioms: [propext, Classical.choice, Quot.sound]
'Hurst.localWeightActiveSet_card_succ_ratio_tendsto_one' depends on axioms: [propext, Classical.choice, Quot.sound]
'Hurst.localWeightActiveSet_card_tendsto_atTop' depends on axioms: [propext, Classical.choice, Quot.sound]
'Hurst.denseRowSelector_tendsto_atTop' depends on axioms: [propext, Classical.choice, Quot.sound]
'Hurst.denseRowSelector_eventually_le' depends on axioms: [propext, Classical.choice, Quot.sound]
'Hurst.denseRowSelector_size_ratio_tendsto_one' depends on axioms: [propext, Classical.choice, Quot.sound]
'Hurst.optimalActive_denseRowSelector_size_ratio_tendsto_one' depends on axioms: [propext, Classical.choice, Quot.sound]
'Hurst.exists_optimalActive_denseRowSelector' depends on axioms: [propext, Classical.choice, Quot.sound]
'Hurst.rowSizeHitIndex_spec' depends on axioms: [propext, Classical.choice, Quot.sound]
'Hurst.rowSizeHitIndex_eq' depends on axioms: [propext, Classical.choice, Quot.sound]
'Hurst.overrideDenseSelector_at_hit' depends on axioms: [propext, Classical.choice, Quot.sound]
'Hurst.tendsto_ite_same' depends on axioms: [propext, Quot.sound]
'Hurst.overrideDenseSelector_tendsto_atTop' depends on axioms: [propext, Classical.choice, Quot.sound]
'Hurst.overrideDenseSelector_eventually_fits' depends on axioms: [propext, Classical.choice, Quot.sound]
'Hurst.overrideDenseSelector_size_ratio_tendsto_one' depends on axioms: [propext, Classical.choice, Quot.sound]
'Hurst.exactPaddedFeatureRow_of_le' depends on axioms: [propext, Classical.choice, Quot.sound]
'Hurst.exactPaddedCoefficientRow_of_le' depends on axioms: [propext, Classical.choice, Quot.sound]
'Hurst.exactPaddedFeatureRow_norm' depends on axioms: [propext, Classical.choice, Quot.sound]
'Hurst.exactPaddedFeatureRow_correlation_of_le' depends on axioms: [propext, Classical.choice, Quot.sound]
'Hurst.exactPaddedCoefficientRow_uniform_tendsto' depends on axioms: [propext, Classical.choice, Quot.sound]
'Hurst.exactPaddedFeatureRow_correlation_square_row_sum_of_le' depends on axioms: [propext,
 Classical.choice,
 Quot.sound]
'Hurst.exactPaddedFeatureRow_correlation_square_row_le_of_le' depends on axioms: [propext, Classical.choice, Quot.sound]
'Hurst.exactPaddedFeatureRow_correlation_tail_sum_of_le' depends on axioms: [propext, Classical.choice, Quot.sound]
'Hurst.exactPaddedFeatureRow_truncationCovariance_sum_of_le' depends on axioms: [propext, Classical.choice, Quot.sound]
'Hurst.exactPaddedFeatureRow_normalized_truncation_variance_of_le' depends on axioms: [propext,
 Classical.choice,
 Quot.sound]
'Hurst.exactPaddedFeatureRow_correlation_square_average_tail' depends on axioms: [propext, Classical.choice, Quot.sound]
'Hurst.exists_uniform_finrow_bound_of_eventually' depends on axioms: [propext, Classical.choice, Quot.sound]
'Hurst.cutoff_average_tail_all_rows_of_eventually' depends on axioms: [propext, Classical.choice, Quot.sound]
'Hurst.stdGaussian_map_hermitianEigenCoordinates' depends on axioms: [propext, Classical.choice, Quot.sound]
'Hurst.hermitianEigenCoordinates_measurePreserving' depends on axioms: [propext, Classical.choice, Quot.sound]
'Hurst.hermitianEigenvector_toEuclideanLin' depends on axioms: [propext, Classical.choice, Quot.sound]
'Hurst.hermitianEigenCoordinates_toEuclideanLin_apply' depends on axioms: [propext, Classical.choice, Quot.sound]
'Hurst.matrixQuadratic_eq_eigenvalue_sum' depends on axioms: [propext, Classical.choice, Quot.sound]
'Hurst.centeredMatrixQuadratic_eq_centeredSpectralSquares_eigenCoordinates' depends on axioms: [propext,
 Classical.choice,
 Quot.sound]
'Hurst.centeredMatrixQuadratic_identDistrib_eigenvalueSquares' depends on axioms: [propext,
 Classical.choice,
 Quot.sound]
'Hurst.stdGaussian_coordinate_measurePreserving' depends on axioms: [propext, Classical.choice, Quot.sound]
'Hurst.stdGaussian_coordinate_pair_hasGaussianLaw' depends on axioms: [propext, Classical.choice, Quot.sound]
'Hurst.stdGaussian_coordinate_covariance' depends on axioms: [propext, Classical.choice, Quot.sound]
'Hurst.centeredSpectralSquares_secondMoment' depends on axioms: [propext, Classical.choice, Quot.sound]
'Hurst.centeredMatrixQuadratic_secondMoment_eigenvalues' depends on axioms: [propext, Classical.choice, Quot.sound]
'Hurst.hermitian_trace_square_eq_sum_entries_sq' depends on axioms: [propext, Classical.choice, Quot.sound]
'Hurst.hermitian_trace_square_eq_sum_eigenvalues_sq' depends on axioms: [propext, Classical.choice, Quot.sound]
'Hurst.hermitian_sum_eigenvalues_sq_eq_sum_entries_sq' depends on axioms: [propext, Classical.choice, Quot.sound]
'Hurst.centeredMatrixQuadratic_secondMoment_entries' depends on axioms: [propext, Classical.choice, Quot.sound]
'Hurst.hermitian_trace_pow_eq_sum_eigenvalues_pow' depends on axioms: [propext, Classical.choice, Quot.sound]
'Hurst.matrix_trace_pow_succ_cyclic_coordinates' depends on axioms: [propext, Classical.choice, Quot.sound]
'Hurst.hermitian_trace_pow_succ_coordinates' depends on axioms: [propext, Classical.choice, Quot.sound]
'Hurst.abs_matrix_trace_mul_le_frobenius' depends on axioms: [propext, Classical.choice, Quot.sound]
'Hurst.matrix_trace_pow_tendsto_of_frobenius_sub_tendsto_zero' depends on axioms: [propext,
 Classical.choice,
 Quot.sound]
