⚠ [3076/3200] Replayed Hurst.Rates
warning: Hurst/Rates.lean:52:39: Variable name `hL` is not explicitly referenced.

The binding can be removed (if unused) or named `_` (if used implicitly).

Note: This linter can be disabled with `set_option linter.unusedVariables false`
⚠ [3612/4076] Replayed Hurst.DistributionRepair
warning: Hurst/DistributionRepair.lean:29:0: automatically included section variable(s) unused in theorem `Hurst.reflected_gaussian_law`:
  [IsProbabilityMeasure ν]
consider restructuring your `variable` declarations so that the variables are not in scope or explicitly omit them:
  omit [IsProbabilityMeasure ν] in theorem ...

Note: This linter can be disabled with `set_option linter.unusedSectionVars false`
⚠ [3654/4076] Replayed Hurst.GaussianKLMulti
warning: Hurst/GaussianKLMulti.lean:275:10: `ContinuousLinearMap.mul_apply` has been deprecated: Use `mul_apply_eq_comp` instead

Note: The updated constant is in a different namespace. Dot notation may need to be changed (e.g., from `x.mul_apply` to `mul_apply_eq_comp x`).
warning: Hurst/GaussianKLMulti.lean:275:67: `ContinuousLinearMap.one_apply` has been deprecated: Use `one_apply_eq_self` instead

Note: The updated constant is in a different namespace. Dot notation may need to be changed (e.g., from `x.one_apply` to `one_apply_eq_self x`).
warning: Hurst/GaussianKLMulti.lean:289:10: `ContinuousLinearMap.mul_apply` has been deprecated: Use `mul_apply_eq_comp` instead

Note: The updated constant is in a different namespace. Dot notation may need to be changed (e.g., from `x.mul_apply` to `mul_apply_eq_comp x`).
warning: Hurst/GaussianKLMulti.lean:289:67: `ContinuousLinearMap.one_apply` has been deprecated: Use `one_apply_eq_self` instead

Note: The updated constant is in a different namespace. Dot notation may need to be changed (e.g., from `x.one_apply` to `one_apply_eq_self x`).
⚠ [3655/4076] Replayed Hurst.GaussianKLBound
warning: Hurst/GaussianKLBound.lean:82:96: Used `tac1 <;> tac2` where `(tac1; tac2)` would suffice

Note: This linter can be disabled with `set_option linter.unnecessarySeqFocus false`
warning: Hurst/GaussianKLBound.lean:83:12: Used `tac1 <;> tac2` where `(tac1; tac2)` would suffice

Note: This linter can be disabled with `set_option linter.unnecessarySeqFocus false`
⚠ [3668/4076] Replayed Hurst.EstimationToTesting
warning: Hurst/EstimationToTesting.lean:86:8: automatically included section variable(s) unused in theorem `_private.Hurst.EstimationToTesting.0.Hurst.exists_measurable_nearestPoint`:
  mΘ
consider restructuring your `variable` declarations so that the variables are not in scope or explicitly omit them:
  omit mΘ in theorem ...

Note: This linter can be disabled with `set_option linter.unusedSectionVars false`
⚠ [3669/4076] Replayed Hurst.KLMixture
warning: Hurst/KLMixture.lean:125:8: `MeasureTheory.lintegral_finset_sum` has been deprecated: Use `MeasureTheory.lintegral_finsetSum` instead
warning: Hurst/KLMixture.lean:126:8: `MeasureTheory.lintegral_finset_sum` has been deprecated: Use `MeasureTheory.lintegral_finsetSum` instead
⚠ [3670/4076] Replayed Hurst.MutualInformation
warning: Hurst/MutualInformation.lean:230:8: `MeasureTheory.lintegral_finset_sum` has been deprecated: Use `MeasureTheory.lintegral_finsetSum` instead
⚠ [3672/4076] Replayed Hurst.FanoLowerBound
warning: Hurst/FanoLowerBound.lean:215:7: `MeasureTheory.integrable_finset_sum` has been deprecated: Use `MeasureTheory.integrable_finsetSum` instead
warning: Hurst/FanoLowerBound.lean:219:26: `MeasureTheory.integral_finset_sum` has been deprecated: Use `MeasureTheory.integral_finsetSum` instead
warning: Hurst/FanoLowerBound.lean:502:11: `MeasureTheory.lintegral_finset_sum` has been deprecated: Use `MeasureTheory.lintegral_finsetSum` instead
warning: Hurst/FanoLowerBound.lean:554:18: Variable name `hq` is not explicitly referenced.

The binding can be removed (if unused) or named `_` (if used implicitly).

Note: This linter can be disabled with `set_option linter.unusedVariables false`
warning: Hurst/FanoLowerBound.lean:772:8: `mul_le_mul_left'` has been deprecated: Use `mul_le_mul_right` instead
⚠ [3679/4076] Replayed Hurst.GaussianLinearMap
warning: Hurst/GaussianLinearMap.lean:16:2: try 'simp' instead of 'simpa'

Note: This linter can be disabled with `set_option linter.unnecessarySimpa false`
⚠ [3680/4076] Replayed Hurst.GridWhitening
warning: Hurst/GridWhitening.lean:60:2: 'change (WithLp.ofLp (Matrix.toEuclideanCLM (𝕜 := ℝ) (differenceWhiteningMatrix ℓ) x)) i = _' tactic does nothing

Note: This linter can be disabled with `set_option linter.unusedTactic false`
ℹ [3706/4076] Replayed Hurst.UniformQuadrature
info: Hurst/UniformQuadrature.lean:60:38: Try this:
  [apply] ring_nf
  
  The `ring` tactic failed to close the goal. Use `ring_nf` to obtain a normal form.
    
  Note that `ring` works primarily in *commutative* rings. If you have a noncommutative ring, abelian group or module, consider using `noncomm_ring`, `abel` or `module` instead.
info: Hurst/UniformQuadrature.lean:60:38: Try this:
  [apply] ring_nf
  
  The `ring` tactic failed to close the goal. Use `ring_nf` to obtain a normal form.
    
  Note that `ring` works primarily in *commutative* rings. If you have a noncommutative ring, abelian group or module, consider using `noncomm_ring`, `abel` or `module` instead.
⚠ [3738/4076] Replayed Hurst.CorrelationSums
warning: Hurst/CorrelationSums.lean:68:67: Variable name `hA` is not explicitly referenced.

The binding can be removed (if unused) or named `_` (if used implicitly).

Note: This linter can be disabled with `set_option linter.unusedVariables false`
warning: Hurst/CorrelationSums.lean:68:80: Variable name `he` is not explicitly referenced.

The binding can be removed (if unused) or named `_` (if used implicitly).

Note: This linter can be disabled with `set_option linter.unusedVariables false`
⚠ [3739/4076] Replayed Hurst.GridCorrelationDecay
warning: Hurst/GridCorrelationDecay.lean:11:40: Variable name `hn` is not explicitly referenced.

The binding can be removed (if unused) or named `_` (if used implicitly).

Note: This linter can be disabled with `set_option linter.unusedVariables false`
⚠ [3744/4076] Replayed Hurst.GridMSE
warning: Hurst/GridMSE.lean:33:46: Variable name `hβ` is not explicitly referenced.

The binding can be removed (if unused) or named `_` (if used implicitly).

Note: This linter can be disabled with `set_option linter.unusedVariables false`
warning: Hurst/GridMSE.lean:33:59: Variable name `hD0` is not explicitly referenced.

The binding can be removed (if unused) or named `_` (if used implicitly).

Note: This linter can be disabled with `set_option linter.unusedVariables false`
warning: Hurst/GridMSE.lean:57:106: Used `tac1 <;> tac2` where `(tac1; tac2)` would suffice

Note: This linter can be disabled with `set_option linter.unnecessarySeqFocus false`
warning: Hurst/GridMSE.lean:57:118: Used `tac1 <;> tac2` where `(tac1; tac2)` would suffice

Note: This linter can be disabled with `set_option linter.unnecessarySeqFocus false`
⚠ [3755/4076] Replayed Hurst.FeatureSecondOrder
warning: Hurst/FeatureSecondOrder.lean:11:31: Variable name `hU` is not explicitly referenced.

The binding can be removed (if unused) or named `_` (if used implicitly).

Note: This linter can be disabled with `set_option linter.unusedVariables false`
warning: Hurst/FeatureSecondOrder.lean:11:57: Variable name `hD` is not explicitly referenced.

The binding can be removed (if unused) or named `_` (if used implicitly).

Note: This linter can be disabled with `set_option linter.unusedVariables false`
⚠ [3758/4076] Replayed Hurst.SecondCancellation
warning: Hurst/SecondCancellation.lean:10:47: Variable name `hR` is not explicitly referenced.

The binding can be removed (if unused) or named `_` (if used implicitly).

Note: This linter can be disabled with `set_option linter.unusedVariables false`
warning: Hurst/SecondCancellation.lean:10:60: Variable name `hS` is not explicitly referenced.

The binding can be removed (if unused) or named `_` (if used implicitly).

Note: This linter can be disabled with `set_option linter.unusedVariables false`
warning: Hurst/SecondCancellation.lean:35:44: Variable name `hB` is not explicitly referenced.

The binding can be removed (if unused) or named `_` (if used implicitly).

Note: This linter can be disabled with `set_option linter.unusedVariables false`
warning: Hurst/SecondCancellation.lean:35:57: Variable name `hD` is not explicitly referenced.

The binding can be removed (if unused) or named `_` (if used implicitly).

Note: This linter can be disabled with `set_option linter.unusedVariables false`
warning: Hurst/SecondCancellation.lean:35:70: Variable name `hl` is not explicitly referenced.

The binding can be removed (if unused) or named `_` (if used implicitly).

Note: This linter can be disabled with `set_option linter.unusedVariables false`
⚠ [3760/4076] Replayed Hurst.SecondIncrement
warning: Hurst/SecondIncrement.lean:36:25: Used `tac1 <;> tac2` where `(tac1; tac2)` would suffice

Note: This linter can be disabled with `set_option linter.unnecessarySeqFocus false`
warning: Hurst/SecondIncrement.lean:36:37: Used `tac1 <;> tac2` where `(tac1; tac2)` would suffice

Note: This linter can be disabled with `set_option linter.unnecessarySeqFocus false`
⚠ [3761/4076] Replayed Hurst.HolderSecondIncrement
warning: Hurst/HolderSecondIncrement.lean:12:28: Variable name `hf` is not explicitly referenced.

The binding can be removed (if unused) or named `_` (if used implicitly).

Note: This linter can be disabled with `set_option linter.unusedVariables false`
⚠ [3762/4076] Replayed Hurst.PowerDifferences
warning: Hurst/PowerDifferences.lean:38:39: This simp argument is unused:
  id_eq

Hint: Omit it from the simp argument list.
  simp only [powerForwardDifference, i̵d̵_̵e̵q̵,̵ ̵mul_one]

Note: This linter can be disabled with `set_option linter.unusedSimpArgs false`
⚠ [3764/4076] Replayed Hurst.SecondCorrelationSums
warning: Hurst/SecondCorrelationSums.lean:26:70: Variable name `hA` is not explicitly referenced.

The binding can be removed (if unused) or named `_` (if used implicitly).

Note: This linter can be disabled with `set_option linter.unusedVariables false`
warning: Hurst/SecondCorrelationSums.lean:26:83: Variable name `he` is not explicitly referenced.

The binding can be removed (if unused) or named `_` (if used implicitly).

Note: This linter can be disabled with `set_option linter.unusedVariables false`
⚠ [3765/4076] Replayed Hurst.SecondGridDecay
warning: Hurst/SecondGridDecay.lean:10:47: Variable name `hn` is not explicitly referenced.

The binding can be removed (if unused) or named `_` (if used implicitly).

Note: This linter can be disabled with `set_option linter.unusedVariables false`
⚠ [3773/4076] Replayed Hurst.SmoothCompositeQuadratic
warning: Hurst/SmoothCompositeQuadratic.lean:13:28: Variable name `hf` is not explicitly referenced.

The binding can be removed (if unused) or named `_` (if used implicitly).

Note: This linter can be disabled with `set_option linter.unusedVariables false`
warning: Hurst/SmoothCompositeQuadratic.lean:35:45: This simp argument is unused:
  iteratedDeriv_zero

Hint: Omit it from the simp argument list.
  simp only [taylorJet, Fin.sum_univ_succ, i̵t̵e̵r̵a̵t̵e̵d̵D̵e̵r̵i̵v̵_̵z̵e̵r̵o̵,̵ ̵iteratedDeriv_one]

Note: This linter can be disabled with `set_option linter.unusedSimpArgs false`
warning: Hurst/SmoothCompositeQuadratic.lean:35:65: This simp argument is unused:
  iteratedDeriv_one

Hint: Omit it from the simp argument list.
  simp only [taylorJet, Fin.sum_univ_succ, iteratedDeriv_zero,̵ ̵i̵t̵e̵r̵a̵t̵e̵d̵D̵e̵r̵i̵v̵_̵o̵n̵e̵]

Note: This linter can be disabled with `set_option linter.unusedSimpArgs false`
warning: Hurst/SmoothCompositeQuadratic.lean:57:38: Variable name `hf` is not explicitly referenced.

The binding can be removed (if unused) or named `_` (if used implicitly).

Note: This linter can be disabled with `set_option linter.unusedVariables false`
⚠ [3774/4076] Replayed Hurst.SecondMSE
warning: Hurst/SecondMSE.lean:34:50: Variable name `hn` is not explicitly referenced.

The binding can be removed (if unused) or named `_` (if used implicitly).

Note: This linter can be disabled with `set_option linter.unusedVariables false`
warning: Hurst/SecondMSE.lean:37:5: Variable name `hβ` is not explicitly referenced.

The binding can be removed (if unused) or named `_` (if used implicitly).

Note: This linter can be disabled with `set_option linter.unusedVariables false`
warning: Hurst/SecondMSE.lean:37:31: Variable name `hD0` is not explicitly referenced.

The binding can be removed (if unused) or named `_` (if used implicitly).

Note: This linter can be disabled with `set_option linter.unusedVariables false`
warning: Hurst/SecondMSE.lean:62:42: Used `tac1 <;> tac2` where `(tac1; tac2)` would suffice

Note: This linter can be disabled with `set_option linter.unnecessarySeqFocus false`
warning: Hurst/SecondMSE.lean:62:54: Used `tac1 <;> tac2` where `(tac1; tac2)` would suffice

Note: This linter can be disabled with `set_option linter.unnecessarySeqFocus false`
⚠ [3780/4076] Replayed Hurst.FiniteProductBounds
warning: Hurst/FiniteProductBounds.lean:8:5: Variable name `hB` is not explicitly referenced.

The binding can be removed (if unused) or named `_` (if used implicitly).

Note: This linter can be disabled with `set_option linter.unusedVariables false`
⚠ [3786/4076] Replayed Hurst.HolderComposition
warning: Hurst/HolderComposition.lean:14:28: Variable name `hf` is not explicitly referenced.

The binding can be removed (if unused) or named `_` (if used implicitly).

Note: This linter can be disabled with `set_option linter.unusedVariables false`
warning: Hurst/HolderComposition.lean:78:28: Variable name `hf` is not explicitly referenced.

The binding can be removed (if unused) or named `_` (if used implicitly).

Note: This linter can be disabled with `set_option linter.unusedVariables false`
⚠ [3787/4076] Replayed Hurst.CompositeLocalBias
warning: Hurst/CompositeLocalBias.lean:12:38: Variable name `hf` is not explicitly referenced.

The binding can be removed (if unused) or named `_` (if used implicitly).

Note: This linter can be disabled with `set_option linter.unusedVariables false`
⚠ [3794/4076] Replayed Hurst.MinimaxUpperTransfer
warning: Hurst/MinimaxUpperTransfer.lean:40:69: Variable name `hs2` is not explicitly referenced.

The binding can be removed (if unused) or named `_` (if used implicitly).

Note: This linter can be disabled with `set_option linter.unusedVariables false`
⚠ [3795/4076] Replayed Hurst.MinimaxSquaredLower
warning: Hurst/MinimaxSquaredLower.lean:55:13: `mul_le_mul_left'` has been deprecated: Use `mul_le_mul_right` instead
⚠ [3799/4076] Replayed Hurst.StrideDecay
warning: Hurst/StrideDecay.lean:38:2: Used `tac1 <;> tac2` where `(tac1; tac2)` would suffice

Note: This linter can be disabled with `set_option linter.unnecessarySeqFocus false`
warning: Hurst/StrideDecay.lean:77:98: Variable name `hA` is not explicitly referenced.

The binding can be removed (if unused) or named `_` (if used implicitly).

Note: This linter can be disabled with `set_option linter.unusedVariables false`
warning: Hurst/StrideDecay.lean:77:111: Variable name `he` is not explicitly referenced.

The binding can be removed (if unused) or named `_` (if used implicitly).

Note: This linter can be disabled with `set_option linter.unusedVariables false`
⚠ [3806/4076] Replayed Hurst.PilotTransfer
warning: Hurst/PilotTransfer.lean:60:4: Used `tac1 <;> tac2` where `(tac1; tac2)` would suffice

Note: This linter can be disabled with `set_option linter.unnecessarySeqFocus false`
⚠ [3821/4076] Replayed Hurst.ScaleAverage
warning: Hurst/ScaleAverage.lean:47:2: Used `tac1 <;> tac2` where `(tac1; tac2)` would suffice

Note: This linter can be disabled with `set_option linter.unnecessarySeqFocus false`
⚠ [3826/4076] Replayed Hurst.ScaleRiskTransfer
warning: Hurst/ScaleRiskTransfer.lean:35:5: Variable name `hVl` is not explicitly referenced.

The binding can be removed (if unused) or named `_` (if used implicitly).

Note: This linter can be disabled with `set_option linter.unusedVariables false`
warning: Hurst/ScaleRiskTransfer.lean:35:20: Variable name `hVp` is not explicitly referenced.

The binding can be removed (if unused) or named `_` (if used implicitly).

Note: This linter can be disabled with `set_option linter.unusedVariables false`
⚠ [3828/4076] Replayed Hurst.BackfitTransfer
warning: Hurst/BackfitTransfer.lean:25:29: This simp argument is unused:
  NNReal.coe_mk

Hint: Omit it from the simp argument list.
  simp only [Real.dist_eq, N̵N̵R̵e̵a̵l̵.̵c̵o̵e̵_̵m̵k̵,̵ ̵sub_sub_cancel_left, abs_neg] at he

Note: This linter can be disabled with `set_option linter.unusedSimpArgs false`
⚠ [3829/4076] Replayed Hurst.ScaleBandwidth
info: Hurst/ScaleBandwidth.lean:35:27: Try this:
  [apply] ring_nf
  
  The `ring` tactic failed to close the goal. Use `ring_nf` to obtain a normal form.
    
  Note that `ring` works primarily in *commutative* rings. If you have a noncommutative ring, abelian group or module, consider using `noncomm_ring`, `abel` or `module` instead.
warning: Hurst/ScaleBandwidth.lean:42:8: 'ring' tactic does nothing

Note: This linter can be disabled with `set_option linter.unusedTactic false`
warning: Hurst/ScaleBandwidth.lean:42:8: this tactic is never executed

Note: This linter can be disabled with `set_option linter.unreachableTactic false`
warning: Hurst/ScaleBandwidth.lean:35:23: Used `tac1 <;> tac2` where `(tac1; tac2)` would suffice

Note: This linter can be disabled with `set_option linter.unnecessarySeqFocus false`
⚠ [3834/4076] Replayed Hurst.UnknownDecision
warning: Hurst/UnknownDecision.lean:49:13: This simp argument is unused:
  continuousHurstDecision

Hint: Omit it from the simp argument list.
  simp only [c̵o̵n̵t̵i̵n̵u̵o̵u̵s̵H̵u̵r̵s̵t̵D̵e̵c̵i̵s̵i̵o̵n̵,̵ ̵q2UnknownSpatialEstimator, q2UnknownLocalEstimator, smooth, Fintype.sum_option, w, z]

Note: This linter can be disabled with `set_option linter.unusedSimpArgs false`
⚠ [3840/4076] Replayed Hurst.FirstStrideDecay
warning: Hurst/FirstStrideDecay.lean:37:2: Used `tac1 <;> tac2` where `(tac1; tac2)` would suffice

Note: This linter can be disabled with `set_option linter.unnecessarySeqFocus false`
warning: Hurst/FirstStrideDecay.lean:74:99: Variable name `hA` is not explicitly referenced.

The binding can be removed (if unused) or named `_` (if used implicitly).

Note: This linter can be disabled with `set_option linter.unusedVariables false`
warning: Hurst/FirstStrideDecay.lean:74:112: Variable name `he` is not explicitly referenced.

The binding can be removed (if unused) or named `_` (if used implicitly).

Note: This linter can be disabled with `set_option linter.unusedVariables false`
⚠ [3850/4076] Replayed Hurst.FirstScaleAlgebra
warning: Hurst/FirstScaleAlgebra.lean:29:4: Used `tac1 <;> tac2` where `(tac1; tac2)` would suffice

Note: This linter can be disabled with `set_option linter.unnecessarySeqFocus false`
⚠ [3851/4076] Replayed Hurst.FirstScaleBias
warning: Hurst/FirstScaleBias.lean:57:4: 'norm_num only [Nat.cast_ofNat]' tactic does nothing

Note: This linter can be disabled with `set_option linter.unusedTactic false`
⚠ [3857/4076] Replayed Hurst.FirstUnknownDecision
warning: Hurst/FirstUnknownDecision.lean:48:13: This simp argument is unused:
  continuousHurstDecision

Hint: Omit it from the simp argument list.
  simp only [c̵o̵n̵t̵i̵n̵u̵o̵u̵s̵H̵u̵r̵s̵t̵D̵e̵c̵i̵s̵i̵o̵n̵,̵ ̵q1UnknownSpatialEstimator, q1UnknownLocalEstimator, smooth, Fintype.sum_option, w, z]

Note: This linter can be disabled with `set_option linter.unusedSimpArgs false`
⚠ [3861/4076] Replayed Hurst.GaussianPolynomial
warning: Hurst/GaussianPolynomial.lean:16:78: This simp argument is unused:
  mul_add

Hint: Omit it from the simp argument list.
  simp [̵P̵i̵.̵a̵d̵d̵_̵a̵p̵p̵l̵y̵,̵m̵u̵l̵_̵a̵d̵d̵,̵a̵d̵d̵_̵m̵u̵l̵]̵[̲P̲i̲.̲a̲d̲d̲_̲a̲p̲p̲l̲y̲,̲ ̲a̲d̲d̲_̲m̲u̲l̲]̲

Note: This linter can be disabled with `set_option linter.unusedSimpArgs false`
⚠ [3864/4076] Replayed Hurst.GaussianHermite
warning: Hurst/GaussianHermite.lean:36:63: Used `tac1 <;> tac2` where `(tac1; tac2)` would suffice

Note: This linter can be disabled with `set_option linter.unnecessarySeqFocus false`
⚠ [3866/4076] Replayed Hurst.GaussianCompleteness
warning: Hurst/GaussianCompleteness.lean:13:74: Used `tac1 <;> tac2` where `(tac1; tac2)` would suffice

Note: This linter can be disabled with `set_option linter.unnecessarySeqFocus false`
⚠ [3873/4076] Replayed Hurst.HermiteConditional
warning: Hurst/HermiteConditional.lean:13:78: Used `tac1 <;> tac2` where `(tac1; tac2)` would suffice

Note: This linter can be disabled with `set_option linter.unnecessarySeqFocus false`
warning: Hurst/HermiteConditional.lean:45:67: Used `tac1 <;> tac2` where `(tac1; tac2)` would suffice

Note: This linter can be disabled with `set_option linter.unnecessarySeqFocus false`
⚠ [3874/4076] Replayed Hurst.GaussianPolynomialLaw
warning: Hurst/GaussianPolynomialLaw.lean:27:61: Used `tac1 <;> tac2` where `(tac1; tac2)` would suffice

Note: This linter can be disabled with `set_option linter.unnecessarySeqFocus false`
⚠ [3878/4076] Replayed Hurst.HilbertDiagonal
warning: Hurst/HilbertDiagonal.lean:17:75: This simp argument is unused:
  inner_smul_right

Hint: Omit it from the simp argument list.
  simp only [̵C̵o̵n̵t̵i̵n̵u̵o̵u̵s̵L̵i̵n̵e̵a̵r̵M̵a̵p̵.̵c̵o̵m̵p̵_̵a̵p̵p̵l̵y̵,̵m̵a̵p̵_̵s̵m̵u̵l̵,̵i̵n̵n̵e̵r̵S̵L̵_̵a̵p̵p̵l̵y̵_̵a̵p̵p̵l̵y̵,̵i̵n̵n̵e̵r̵_̵s̵m̵u̵l̵_̵r̵i̵g̵h̵t̵,̵
  ̵ ̵ ̵ ̵ ̵ ̵ ̵b̵.̵r̵e̵p̵r̵_̵a̵p̵p̵l̵y̵_̵a̵p̵p̵l̵y̵,̵s̵m̵u̵l̵_̵e̵q̵_̵m̵u̵l̵]̵[̲C̲o̲n̲t̲i̲n̲u̲o̲u̲s̲L̲i̲n̲e̲a̲r̲M̲a̲p̲.̲c̲o̲m̲p̲_̲a̲p̲p̲l̲y̲,̲ ̲m̲a̲p̲_̲s̲m̲u̲l̲,̲ ̲i̲n̲n̲e̲r̲S̲L̲_̲a̲p̲p̲l̲y̲_̲a̲p̲p̲l̲y̲,̲ ̲b̲.̲r̲e̲p̲r̲_̲a̲p̲p̲l̲y̲_̲a̲p̲p̲l̲y̲,̲
  ̲ ̲ ̲ ̲ ̲ ̲ ̲s̲m̲u̲l̲_̲e̲q̲_̲m̲u̲l̲]̲

Note: This linter can be disabled with `set_option linter.unusedSimpArgs false`
warning: Hurst/HilbertDiagonal.lean:38:76: This simp argument is unused:
  inner_smul_right

Hint: Omit it from the simp argument list.
  simp only [̵C̵o̵n̵t̵i̵n̵u̵o̵u̵s̵L̵i̵n̵e̵a̵r̵M̵a̵p̵.̵c̵o̵m̵p̵_̵a̵p̵p̵l̵y̵,̵m̵a̵p̵_̵s̵m̵u̵l̵,̵i̵n̵n̵e̵r̵S̵L̵_̵a̵p̵p̵l̵y̵_̵a̵p̵p̵l̵y̵,̵i̵n̵n̵e̵r̵_̵s̵m̵u̵l̵_̵r̵i̵g̵h̵t̵,̵
  ̵ ̵ ̵ ̵ ̵ ̵ ̵ ̵s̵m̵u̵l̵_̵e̵q̵_̵m̵u̵l̵,̵b̵.̵r̵e̵p̵r̵_̵a̵p̵p̵l̵y̵_̵a̵p̵p̵l̵y̵,̵h̵i̵l̵b̵e̵r̵t̵_̵d̵i̵a̵g̵o̵n̵a̵l̵_̵i̵n̵n̵e̵r̵_̵b̵a̵s̵i̵s̵[̲C̲o̲n̲t̲i̲n̲u̲o̲u̲s̲L̲i̲n̲e̲a̲r̲M̲a̲p̲.̲c̲o̲m̲p̲_̲a̲p̲p̲l̲y̲,̲ ̲m̲a̲p̲_̲s̲m̲u̲l̲,̲ ̲i̲n̲n̲e̲r̲S̲L̲_̲a̲p̲p̲l̲y̲_̲a̲p̲p̲l̲y̲,̲ ̲s̲m̲u̲l̲_̲e̲q̲_̲m̲u̲l̲,̲
  ̲ ̲ ̲ ̲ ̲ ̲ ̲ ̲b̲.̲r̲e̲p̲r̲_̲a̲p̲p̲l̲y̲_̲a̲p̲p̲l̲y̲,̲ ̲h̲i̲l̲b̲e̲r̲t̲_̲d̲i̲a̲g̲o̲n̲a̲l̲_̲i̲n̲n̲e̲r̲_̲b̲a̲s̲i̲s̲ b L R d h]

Note: This linter can be disabled with `set_option linter.unusedSimpArgs false`
⚠ [3882/4076] Replayed Hurst.GaussianLogStein
warning: Hurst/GaussianLogStein.lean:37:40: 'funext y' tactic does nothing

Note: This linter can be disabled with `set_option linter.unusedTactic false`
warning: Hurst/GaussianLogStein.lean:37:50: 'rfl' tactic does nothing

Note: This linter can be disabled with `set_option linter.unusedTactic false`
warning: Hurst/GaussianLogStein.lean:37:50: this tactic is never executed

Note: This linter can be disabled with `set_option linter.unreachableTactic false`
info: Hurst/GaussianLogStein.lean:57:4: Try this:
  [apply] ring_nf
  
  The `ring` tactic failed to close the goal. Use `ring_nf` to obtain a normal form.
    
  Note that `ring` works primarily in *commutative* rings. If you have a noncommutative ring, abelian group or module, consider using `noncomm_ring`, `abel` or `module` instead.
warning: Hurst/GaussianLogStein.lean:65:39: '(funext x; rfl)' tactic does nothing

Note: This linter can be disabled with `set_option linter.unusedTactic false`
warning: Hurst/GaussianLogStein.lean:65:39: this tactic is never executed

Note: This linter can be disabled with `set_option linter.unreachableTactic false`
warning: Hurst/GaussianLogStein.lean:63:23: Used `tac1 <;> tac2` where `(tac1; tac2)` would suffice

Note: This linter can be disabled with `set_option linter.unnecessarySeqFocus false`
warning: Hurst/GaussianLogStein.lean:65:21: Used `tac1 <;> tac2` where `(tac1; tac2)` would suffice

Note: This linter can be disabled with `set_option linter.unnecessarySeqFocus false`
⚠ [3883/4076] Replayed Hurst.GaussianLogRank
warning: Hurst/GaussianLogRank.lean:27:13: `MeasureTheory.measureReal_univ_eq_one` has been deprecated: Use `MeasureTheory.probReal_univ` instead
⚠ [3891/4076] Replayed Hurst.HermitePolynomialTruncation
warning: Hurst/HermitePolynomialTruncation.lean:21:41: `Polynomial.eval_finset_sum` has been deprecated: Use `Polynomial.eval_finsetSum` instead
⚠ [3894/4076] Replayed Hurst.GaussianArrayApproximation
warning: Hurst/GaussianArrayApproximation.lean:32:26: Variable name `hW` is not explicitly referenced.

The binding can be removed (if unused) or named `_` (if used implicitly).

Note: This linter can be disabled with `set_option linter.unusedVariables false`
warning: Hurst/GaussianArrayApproximation.lean:35:8: Variable name `hX` is not explicitly referenced.

The binding can be removed (if unused) or named `_` (if used implicitly).

Note: This linter can be disabled with `set_option linter.unusedVariables false`
⚠ [3902/4076] Replayed Hurst.InteriorDesignLimit
warning: Hurst/InteriorDesignLimit.lean:53:8: `tendsto_finset_sum` has been deprecated: Use `tendsto_finsetSum` instead
⚠ [3904/4076] Replayed Hurst.LocalTaylorLeading
warning: Hurst/LocalTaylorLeading.lean:33:4: Used `tac1 <;> tac2` where `(tac1; tac2)` would suffice

Note: This linter can be disabled with `set_option linter.unnecessarySeqFocus false`
warning: Hurst/LocalTaylorLeading.lean:44:2: Used `tac1 <;> tac2` where `(tac1; tac2)` would suffice

Note: This linter can be disabled with `set_option linter.unnecessarySeqFocus false`
⚠ [3907/4076] Replayed Hurst.CalibratedBiasLimit
warning: Hurst/CalibratedBiasLimit.lean:45:6: 'ring' tactic does nothing

Note: This linter can be disabled with `set_option linter.unusedTactic false`
warning: Hurst/CalibratedBiasLimit.lean:45:6: this tactic is never executed

Note: This linter can be disabled with `set_option linter.unreachableTactic false`
⚠ [3909/4076] Replayed Hurst.ActualMeanResidual
warning: Hurst/ActualMeanResidual.lean:43:23: Used `tac1 <;> tac2` where `(tac1; tac2)` would suffice

Note: This linter can be disabled with `set_option linter.unnecessarySeqFocus false`
warning: Hurst/ActualMeanResidual.lean:43:35: Used `tac1 <;> tac2` where `(tac1; tac2)` would suffice

Note: This linter can be disabled with `set_option linter.unnecessarySeqFocus false`
warning: Hurst/ActualMeanResidual.lean:75:37: Used `tac1 <;> tac2` where `(tac1; tac2)` would suffice

Note: This linter can be disabled with `set_option linter.unnecessarySeqFocus false`
warning: Hurst/ActualMeanResidual.lean:75:49: Used `tac1 <;> tac2` where `(tac1; tac2)` would suffice

Note: This linter can be disabled with `set_option linter.unnecessarySeqFocus false`
⚠ [3911/4076] Replayed Hurst.GridBiasRemainderLimit
warning: Hurst/GridBiasRemainderLimit.lean:20:2: Used `tac1 <;> tac2` where `(tac1; tac2)` would suffice

Note: This linter can be disabled with `set_option linter.unnecessarySeqFocus false`
⚠ [3912/4076] Replayed Hurst.ActualMeanLeading
warning: Hurst/ActualMeanLeading.lean:26:24: Used `tac1 <;> tac2` where `(tac1; tac2)` would suffice

Note: This linter can be disabled with `set_option linter.unnecessarySeqFocus false`
⚠ [3913/4076] Replayed Hurst.OptimalBiasBandwidth
warning: Hurst/OptimalBiasBandwidth.lean:41:51: Used `tac1 <;> tac2` where `(tac1; tac2)` would suffice

Note: This linter can be disabled with `set_option linter.unnecessarySeqFocus false`
⚠ [3914/4076] Replayed Hurst.OptimalMeanLeading
warning: Hurst/OptimalMeanLeading.lean:27:89: Used `tac1 <;> tac2` where `(tac1; tac2)` would suffice

Note: This linter can be disabled with `set_option linter.unnecessarySeqFocus false`
⚠ [3915/4076] Replayed Hurst.ClippedLinearization
warning: Hurst/ClippedLinearization.lean:54:4: Used `tac1 <;> tac2` where `(tac1; tac2)` would suffice

Note: This linter can be disabled with `set_option linter.unnecessarySeqFocus false`
⚠ [3918/4076] Replayed Hurst.ExpectedInverseLimit
info: Hurst/ExpectedInverseLimit.lean:25:78: Try this:
  [apply] ring_nf
  
  The `ring` tactic failed to close the goal. Use `ring_nf` to obtain a normal form.
    
  Note that `ring` works primarily in *commutative* rings. If you have a noncommutative ring, abelian group or module, consider using `noncomm_ring`, `abel` or `module` instead.
info: Hurst/ExpectedInverseLimit.lean:52:4: Try this:
  [apply] ring_nf
  
  The `ring` tactic failed to close the goal. Use `ring_nf` to obtain a normal form.
    
  Note that `ring` works primarily in *commutative* rings. If you have a noncommutative ring, abelian group or module, consider using `noncomm_ring`, `abel` or `module` instead.
warning: Hurst/ExpectedInverseLimit.lean:29:87: 'rfl' tactic does nothing

Note: This linter can be disabled with `set_option linter.unusedTactic false`
warning: Hurst/ExpectedInverseLimit.lean:29:87: this tactic is never executed

Note: This linter can be disabled with `set_option linter.unreachableTactic false`
warning: Hurst/ExpectedInverseLimit.lean:29:23: Used `tac1 <;> tac2` where `(tac1; tac2)` would suffice

Note: This linter can be disabled with `set_option linter.unnecessarySeqFocus false`
warning: Hurst/ExpectedInverseLimit.lean:45:4: Used `tac1 <;> tac2` where `(tac1; tac2)` would suffice

Note: This linter can be disabled with `set_option linter.unnecessarySeqFocus false`
⚠ [3920/4076] Replayed Hurst.OptimalLogVariance
warning: Hurst/OptimalLogVariance.lean:56:49: Used `tac1 <;> tac2` where `(tac1; tac2)` would suffice

Note: This linter can be disabled with `set_option linter.unnecessarySeqFocus false`
⚠ [3921/4076] Replayed Hurst.SecondEstimatorBias
warning: Hurst/SecondEstimatorBias.lean:31:105: Used `tac1 <;> tac2` where `(tac1; tac2)` would suffice

Note: This linter can be disabled with `set_option linter.unnecessarySeqFocus false`
warning: Hurst/SecondEstimatorBias.lean:49:57: Used `tac1 <;> tac2` where `(tac1; tac2)` would suffice

Note: This linter can be disabled with `set_option linter.unnecessarySeqFocus false`
⚠ [3922/4076] Replayed Hurst.FirstEstimatorBias
warning: Hurst/FirstEstimatorBias.lean:32:23: Used `tac1 <;> tac2` where `(tac1; tac2)` would suffice

Note: This linter can be disabled with `set_option linter.unnecessarySeqFocus false`
⚠ [3925/4076] Replayed Hurst.InverseL1Limit
warning: Hurst/InverseL1Limit.lean:25:87: 'rfl' tactic does nothing

Note: This linter can be disabled with `set_option linter.unusedTactic false`
warning: Hurst/InverseL1Limit.lean:25:87: this tactic is never executed

Note: This linter can be disabled with `set_option linter.unreachableTactic false`
warning: Hurst/InverseL1Limit.lean:25:23: Used `tac1 <;> tac2` where `(tac1; tac2)` would suffice

Note: This linter can be disabled with `set_option linter.unnecessarySeqFocus false`
warning: Hurst/InverseL1Limit.lean:43:4: Used `tac1 <;> tac2` where `(tac1; tac2)` would suffice

Note: This linter can be disabled with `set_option linter.unnecessarySeqFocus false`
⚠ [3927/4076] Replayed Hurst.FirstEstimatorLinearization
warning: Hurst/FirstEstimatorLinearization.lean:34:23: Used `tac1 <;> tac2` where `(tac1; tac2)` would suffice

Note: This linter can be disabled with `set_option linter.unnecessarySeqFocus false`
⚠ [3928/4076] Replayed Hurst.SecondEstimatorLinearization
warning: Hurst/SecondEstimatorLinearization.lean:33:105: Used `tac1 <;> tac2` where `(tac1; tac2)` would suffice

Note: This linter can be disabled with `set_option linter.unnecessarySeqFocus false`
warning: Hurst/SecondEstimatorLinearization.lean:51:57: Used `tac1 <;> tac2` where `(tac1; tac2)` would suffice

Note: This linter can be disabled with `set_option linter.unnecessarySeqFocus false`
⚠ [3931/4076] Replayed Hurst.OracleScaleL1
warning: Hurst/OracleScaleL1.lean:45:39: 'ring' tactic does nothing

Note: This linter can be disabled with `set_option linter.unusedTactic false`
warning: Hurst/OracleScaleL1.lean:45:39: this tactic is never executed

Note: This linter can be disabled with `set_option linter.unreachableTactic false`
⚠ [3937/4076] Replayed Hurst.FeatureConditionalCLT
warning: Hurst/FeatureConditionalCLT.lean:16:82: Used `tac1 <;> tac2` where `(tac1; tac2)` would suffice

Note: This linter can be disabled with `set_option linter.unnecessarySeqFocus false`
⚠ [3939/4076] Replayed Hurst.LinearizedDistribution
info: Hurst/LinearizedDistribution.lean:39:65: Try this:
  [apply] ring_nf
  
  The `ring` tactic failed to close the goal. Use `ring_nf` to obtain a normal form.
    
  Note that `ring` works primarily in *commutative* rings. If you have a noncommutative ring, abelian group or module, consider using `noncomm_ring`, `abel` or `module` instead.
warning: Hurst/LinearizedDistribution.lean:25:54: Used `tac1 <;> tac2` where `(tac1; tac2)` would suffice

Note: This linter can be disabled with `set_option linter.unnecessarySeqFocus false`
warning: Hurst/LinearizedDistribution.lean:39:61: Used `tac1 <;> tac2` where `(tac1; tac2)` would suffice

Note: This linter can be disabled with `set_option linter.unnecessarySeqFocus false`
⚠ [3940/4076] Replayed Hurst.OptimalEstimatorDistribution
warning: Hurst/OptimalEstimatorDistribution.lean:44:6: Used `tac1 <;> tac2` where `(tac1; tac2)` would suffice

Note: This linter can be disabled with `set_option linter.unnecessarySeqFocus false`
⚠ [3942/4076] Replayed Hurst.AllFiniteRisk
warning: Hurst/AllFiniteRisk.lean:25:47: Used `tac1 <;> tac2` where `(tac1; tac2)` would suffice

Note: This linter can be disabled with `set_option linter.unnecessarySeqFocus false`
⚠ [3944/4076] Replayed Hurst.SecondWeightedPilotVariance
warning: Hurst/SecondWeightedPilotVariance.lean:48:17: This simp argument is unused:
  ← Finset.mul_sum

Hint: Omit it from the simp argument list.
  simp only [← F̵i̵n̵s̵e̵t̵.̵m̵u̵l̵_̵s̵u̵m̵,̵←̵ ̵Finset.sum_mul]

Note: Simp arguments with `←` have the additional effect of removing the other direction from the simp set, even if the simp argument itself is unused. If the hint above does not work, try replacing `←` with `-` to only get that effect and silence this warning.

Note: This linter can be disabled with `set_option linter.unusedSimpArgs false`
⚠ [3948/4076] Replayed Hurst.LinearCalibrationLimit
warning: Hurst/LinearCalibrationLimit.lean:74:58: 'ring' tactic does nothing

Note: This linter can be disabled with `set_option linter.unusedTactic false`
warning: Hurst/LinearCalibrationLimit.lean:74:58: this tactic is never executed

Note: This linter can be disabled with `set_option linter.unreachableTactic false`
warning: Hurst/LinearCalibrationLimit.lean:67:6: Used `tac1 <;> tac2` where `(tac1; tac2)` would suffice

Note: This linter can be disabled with `set_option linter.unnecessarySeqFocus false`
⚠ [3949/4076] Replayed Hurst.InverseMoment
warning: Hurst/InverseMoment.lean:19:67: Used `tac1 <;> tac2` where `(tac1; tac2)` would suffice

Note: This linter can be disabled with `set_option linter.unnecessarySeqFocus false`
warning: Hurst/InverseMoment.lean:21:71: Used `tac1 <;> tac2` where `(tac1; tac2)` would suffice

Note: This linter can be disabled with `set_option linter.unnecessarySeqFocus false`
⚠ [3950/4076] Replayed Hurst.ActualMemoryMainline
warning: Hurst/ActualMemoryMainline.lean:80:101: 'rfl' tactic does nothing

Note: This linter can be disabled with `set_option linter.unusedTactic false`
warning: Hurst/ActualMemoryMainline.lean:80:101: this tactic is never executed

Note: This linter can be disabled with `set_option linter.unreachableTactic false`
⚠ [3959/4076] Replayed Hurst.DistributionShift
warning: Hurst/DistributionShift.lean:25:41: Used `tac1 <;> tac2` where `(tac1; tac2)` would suffice

Note: This linter can be disabled with `set_option linter.unnecessarySeqFocus false`
⚠ [3962/4076] Replayed Hurst.WeightedRowEnergy
warning: Hurst/WeightedRowEnergy.lean:12:19: Variable name `hL0` is not explicitly referenced.

The binding can be removed (if unused) or named `_` (if used implicitly).

Note: This linter can be disabled with `set_option linter.unusedVariables false`
warning: Hurst/WeightedRowEnergy.lean:103:31: 'first
| rfl
| ring' tactic does nothing

Note: This linter can be disabled with `set_option linter.unusedTactic false`
warning: Hurst/WeightedRowEnergy.lean:103:31: this tactic is never executed

Note: This linter can be disabled with `set_option linter.unreachableTactic false`
⚠ [3965/4076] Replayed Hurst.CorrelationLimit
info: Hurst/CorrelationLimit.lean:19:4: Try this:
  [apply] ring_nf
  
  The `ring` tactic failed to close the goal. Use `ring_nf` to obtain a normal form.
    
  Note that `ring` works primarily in *commutative* rings. If you have a noncommutative ring, abelian group or module, consider using `noncomm_ring`, `abel` or `module` instead.
info: Hurst/CorrelationLimit.lean:38:4: Try this:
  [apply] ring_nf
  
  The `ring` tactic failed to close the goal. Use `ring_nf` to obtain a normal form.
    
  Note that `ring` works primarily in *commutative* rings. If you have a noncommutative ring, abelian group or module, consider using `noncomm_ring`, `abel` or `module` instead.
warning: Hurst/CorrelationLimit.lean:24:5: Variable name `he0` is not explicitly referenced.

The binding can be removed (if unused) or named `_` (if used implicitly).

Note: This linter can be disabled with `set_option linter.unusedVariables false`
⚠ [3966/4076] Replayed Hurst.WeightEnergyLimit
warning: Hurst/WeightEnergyLimit.lean:172:9: `tendsto_finset_sum` has been deprecated: Use `tendsto_finsetSum` instead
warning: Hurst/WeightEnergyLimit.lean:173:4: `tendsto_finset_sum` has been deprecated: Use `tendsto_finsetSum` instead
⚠ [3968/4076] Replayed Hurst.CorrelationTailTransfer
warning: Hurst/CorrelationTailTransfer.lean:21:5: Variable name `hd0` is not explicitly referenced.

The binding can be removed (if unused) or named `_` (if used implicitly).

Note: This linter can be disabled with `set_option linter.unusedVariables false`
warning: Hurst/CorrelationTailTransfer.lean:21:36: Variable name `hA` is not explicitly referenced.

The binding can be removed (if unused) or named `_` (if used implicitly).

Note: This linter can be disabled with `set_option linter.unusedVariables false`
warning: Hurst/CorrelationTailTransfer.lean:21:49: Variable name `he` is not explicitly referenced.

The binding can be removed (if unused) or named `_` (if used implicitly).

Note: This linter can be disabled with `set_option linter.unusedVariables false`
⚠ [3969/4076] Replayed Hurst.CorrelationRowTail
warning: Hurst/CorrelationRowTail.lean:14:5: Variable name `hd0` is not explicitly referenced.

The binding can be removed (if unused) or named `_` (if used implicitly).

Note: This linter can be disabled with `set_option linter.unusedVariables false`
warning: Hurst/CorrelationRowTail.lean:14:34: Variable name `hA` is not explicitly referenced.

The binding can be removed (if unused) or named `_` (if used implicitly).

Note: This linter can be disabled with `set_option linter.unusedVariables false`
⚠ [3971/4076] Replayed Hurst.TruncatedVarianceFormula
warning: Hurst/TruncatedVarianceFormula.lean:57:29: This simp argument is unused:
  Finset.sum_mul

Hint: Omit it from the simp argument list.
  simp only [Finset.mul_sum,̵ ̵F̵i̵n̵s̵e̵t̵.̵s̵u̵m̵_̵m̵u̵l̵]

Note: This linter can be disabled with `set_option linter.unusedSimpArgs false`
warning: Hurst/TruncatedVarianceFormula.lean:118:45: This simp argument is unused:
  P

Hint: Omit it from the simp argument list.
  simp only [gaussianLogTruncationStatistic, P̵,̵ ̵pow_two, Finset.sum_mul,
  ̵  ̵ ̵ ̵Finset.mul_sum]

Note: This linter can be disabled with `set_option linter.unusedSimpArgs false`
ℹ [3972/4076] Replayed Hurst.ShiftedWeightEnergy
info: Hurst/ShiftedWeightEnergy.lean:54:2: Try this:
  [apply] ring_nf
  
  The `ring` tactic failed to close the goal. Use `ring_nf` to obtain a normal form.
    
  Note that `ring` works primarily in *commutative* rings. If you have a noncommutative ring, abelian group or module, consider using `noncomm_ring`, `abel` or `module` instead.
⚠ [3973/4076] Replayed Hurst.TruncatedCovarianceLimit
info: Hurst/TruncatedCovarianceLimit.lean:105:4: Try this:
  [apply] ring_nf
  
  The `ring` tactic failed to close the goal. Use `ring_nf` to obtain a normal form.
    
  Note that `ring` works primarily in *commutative* rings. If you have a noncommutative ring, abelian group or module, consider using `noncomm_ring`, `abel` or `module` instead.
warning: Hurst/TruncatedCovarianceLimit.lean:87:23: This simp argument is unused:
  hepsn

Hint: Omit it from the simp argument list.
  simp [hwu,̵ ̵h̵e̵p̵s̵n̵]

Note: This linter can be disabled with `set_option linter.unusedSimpArgs false`
warning: Hurst/TruncatedCovarianceLimit.lean:100:31: This simp argument is unused:
  Finset.sum_mul

Hint: Omit it from the simp argument list.
  simp only [Finset.mul_sum, F̵i̵n̵s̵e̵t̵.̵s̵u̵m̵_̵m̵u̵l̵,̵ ̵← Finset.sum_add_distrib]

Note: This linter can be disabled with `set_option linter.unusedSimpArgs false`
info: Hurst/TruncatedCovarianceLimit.lean:285:4: Try this:
  [apply] ring_nf
  
  The `ring` tactic failed to close the goal. Use `ring_nf` to obtain a normal form.
    
  Note that `ring` works primarily in *commutative* rings. If you have a noncommutative ring, abelian group or module, consider using `noncomm_ring`, `abel` or `module` instead.
ℹ [3974/4076] Replayed Hurst.TruncatedVarianceTail
info: Hurst/TruncatedVarianceTail.lean:109:58: Try this:
  [apply] ring_nf
  
  The `ring` tactic failed to close the goal. Use `ring_nf` to obtain a normal form.
    
  Note that `ring` works primarily in *commutative* rings. If you have a noncommutative ring, abelian group or module, consider using `noncomm_ring`, `abel` or `module` instead.
⚠ [3975/4076] Replayed Hurst.LagVarianceLimit
warning: Hurst/LagVarianceLimit.lean:141:29: This simp argument is unused:
  hm

Hint: Omit it from the simp argument list.
  simp [Finset.sum_filter, h̵m̵,̵ ̵Nat.pos_of_ne_zero hm, mul_comm]

Note: This linter can be disabled with `set_option linter.unusedSimpArgs false`
warning: Hurst/LagVarianceLimit.lean:141:56: This simp argument is unused:
  mul_comm

Hint: Omit it from the simp argument list.
  simp [Finset.sum_filter, hm, Nat.pos_of_ne_zero hm,̵ ̵m̵u̵l̵_̵c̵o̵m̵m̵]

Note: This linter can be disabled with `set_option linter.unusedSimpArgs false`
warning: Hurst/LagVarianceLimit.lean:151:42: Used `tac1 <;> tac2` where `(tac1; tac2)` would suffice

Note: This linter can be disabled with `set_option linter.unnecessarySeqFocus false`
⚠ [3977/4076] Replayed Hurst.FiniteVarianceReindex
warning: Hurst/FiniteVarianceReindex.lean:193:16: 'apply Fin.ext' tactic does nothing

Note: This linter can be disabled with `set_option linter.unusedTactic false`
warning: Hurst/FiniteVarianceReindex.lean:193:34: 'simp' tactic does nothing

Note: This linter can be disabled with `set_option linter.unusedTactic false`
warning: Hurst/FiniteVarianceReindex.lean:193:16: this tactic is never executed

Note: This linter can be disabled with `set_option linter.unreachableTactic false`
warning: Hurst/FiniteVarianceReindex.lean:193:34: this tactic is never executed

Note: This linter can be disabled with `set_option linter.unreachableTactic false`
⚠ [4035/4297] Replayed Hurst.FirstScaleUnknownRisk
warning: Hurst/FirstScaleUnknownRisk.lean:23:2: Try this: intro f hf hF σ hσ n hn
⚠ [4042/4297] Replayed Hurst.ActualEstimatorProbability
warning: Hurst/ActualEstimatorProbability.lean:31:105: Used `tac1 <;> tac2` where `(tac1; tac2)` would suffice

Note: This linter can be disabled with `set_option linter.unnecessarySeqFocus false`
warning: Hurst/ActualEstimatorProbability.lean:49:57: Used `tac1 <;> tac2` where `(tac1; tac2)` would suffice

Note: This linter can be disabled with `set_option linter.unnecessarySeqFocus false`
warning: Hurst/ActualEstimatorProbability.lean:88:23: Used `tac1 <;> tac2` where `(tac1; tac2)` would suffice

Note: This linter can be disabled with `set_option linter.unnecessarySeqFocus false`
⚠ [4045/4297] Replayed Hurst.FirstUnknownConditionalBias
warning: Hurst/FirstUnknownConditionalBias.lean:42:53: Used `tac1 <;> tac2` where `(tac1; tac2)` would suffice

Note: This linter can be disabled with `set_option linter.unnecessarySeqFocus false`
⚠ [4046/4297] Replayed Hurst.SecondUnknownConditionalBias
warning: Hurst/SecondUnknownConditionalBias.lean:44:53: Used `tac1 <;> tac2` where `(tac1; tac2)` would suffice

Note: This linter can be disabled with `set_option linter.unnecessarySeqFocus false`
⚠ [4048/4297] Replayed Hurst.ActualUnknownConditionalLimits
warning: Hurst/ActualUnknownConditionalLimits.lean:52:53: Used `tac1 <;> tac2` where `(tac1; tac2)` would suffice

Note: This linter can be disabled with `set_option linter.unnecessarySeqFocus false`
warning: Hurst/ActualUnknownConditionalLimits.lean:58:34: Variable name `htu` is not explicitly referenced.

The binding can be removed (if unused) or named `_` (if used implicitly).

Note: This linter can be disabled with `set_option linter.unusedVariables false`
warning: Hurst/ActualUnknownConditionalLimits.lean:99:53: Used `tac1 <;> tac2` where `(tac1; tac2)` would suffice

Note: This linter can be disabled with `set_option linter.unnecessarySeqFocus false`
⚠ [4051/4297] Replayed Hurst.ActualOptimalCLT
warning: Hurst/ActualOptimalCLT.lean:56:23: Used `tac1 <;> tac2` where `(tac1; tac2)` would suffice

Note: This linter can be disabled with `set_option linter.unnecessarySeqFocus false`
warning: Hurst/ActualOptimalCLT.lean:66:21: Used `tac1 <;> tac2` where `(tac1; tac2)` would suffice

Note: This linter can be disabled with `set_option linter.unnecessarySeqFocus false`
warning: Hurst/ActualOptimalCLT.lean:108:105: Used `tac1 <;> tac2` where `(tac1; tac2)` would suffice

Note: This linter can be disabled with `set_option linter.unnecessarySeqFocus false`
warning: Hurst/ActualOptimalCLT.lean:120:21: Used `tac1 <;> tac2` where `(tac1; tac2)` would suffice

Note: This linter can be disabled with `set_option linter.unnecessarySeqFocus false`
⚠ [4052/4297] Replayed Hurst.SecondScaleFineRates
warning: Hurst/SecondScaleFineRates.lean:66:22: This simp argument is unused:
  zero_mul

Hint: Omit it from the simp argument list.
  simp only [mul_zero,̵z̵e̵r̵o̵_̵m̵u̵l̵] at hprod

Note: This linter can be disabled with `set_option linter.unusedSimpArgs false`
warning: Hurst/SecondScaleFineRates.lean:92:5: Variable name `hC₁` is not explicitly referenced.

The binding can be removed (if unused) or named `_` (if used implicitly).

Note: This linter can be disabled with `set_option linter.unusedVariables false`
warning: Hurst/SecondScaleFineRates.lean:92:18: Variable name `hC₄` is not explicitly referenced.

The binding can be removed (if unused) or named `_` (if used implicitly).

Note: This linter can be disabled with `set_option linter.unusedVariables false`
⚠ [4055/4297] Replayed Hurst.ActualMemoryBranches
warning: Hurst/ActualMemoryBranches.lean:17:5: Variable name `hcrit` is not explicitly referenced.

The binding can be removed (if unused) or named `_` (if used implicitly).

Note: This linter can be disabled with `set_option linter.unusedVariables false`
warning: Hurst/ActualMemoryBranches.lean:49:5: Variable name `hlong` is not explicitly referenced.

The binding can be removed (if unused) or named `_` (if used implicitly).

Note: This linter can be disabled with `set_option linter.unusedVariables false`
⚠ [4056/4297] Replayed Hurst.ConditionalMomentMinimax
warning: Hurst/ConditionalMomentMinimax.lean:61:47: Variable name `hM` is not explicitly referenced.

The binding can be removed (if unused) or named `_` (if used implicitly).

Note: This linter can be disabled with `set_option linter.unusedVariables false`
warning: Hurst/ConditionalMomentMinimax.lean:111:21: Used `tac1 <;> tac2` where `(tac1; tac2)` would suffice

Note: This linter can be disabled with `set_option linter.unnecessarySeqFocus false`
warning: Hurst/ConditionalMomentMinimax.lean:116:45: Variable name `hM` is not explicitly referenced.

The binding can be removed (if unused) or named `_` (if used implicitly).

Note: This linter can be disabled with `set_option linter.unusedVariables false`
warning: Hurst/ConditionalMomentMinimax.lean:166:21: Used `tac1 <;> tac2` where `(tac1; tac2)` would suffice

Note: This linter can be disabled with `set_option linter.unnecessarySeqFocus false`
⚠ [4062/4297] Replayed Hurst.ActualWeightedMemoryMainline
warning: Hurst/ActualWeightedMemoryMainline.lean:71:101: 'rfl' tactic does nothing

Note: This linter can be disabled with `set_option linter.unusedTactic false`
warning: Hurst/ActualWeightedMemoryMainline.lean:71:101: this tactic is never executed

Note: This linter can be disabled with `set_option linter.unreachableTactic false`
⚠ [4065/4297] Replayed Hurst.ActualRawOptimalCLT
warning: Hurst/ActualRawOptimalCLT.lean:39:23: Used `tac1 <;> tac2` where `(tac1; tac2)` would suffice

Note: This linter can be disabled with `set_option linter.unnecessarySeqFocus false`
warning: Hurst/ActualRawOptimalCLT.lean:60:91: Variable name `hu` is not explicitly referenced.

The binding can be removed (if unused) or named `_` (if used implicitly).

Note: This linter can be disabled with `set_option linter.unusedVariables false`
warning: Hurst/ActualRawOptimalCLT.lean:60:102: Variable name `hbu` is not explicitly referenced.

The binding can be removed (if unused) or named `_` (if used implicitly).

Note: This linter can be disabled with `set_option linter.unusedVariables false`
warning: Hurst/ActualRawOptimalCLT.lean:64:77: Variable name `htu` is not explicitly referenced.

The binding can be removed (if unused) or named `_` (if used implicitly).

Note: This linter can be disabled with `set_option linter.unusedVariables false`
warning: Hurst/ActualRawOptimalCLT.lean:88:105: Used `tac1 <;> tac2` where `(tac1; tac2)` would suffice

Note: This linter can be disabled with `set_option linter.unnecessarySeqFocus false`
⚠ [4068/4297] Replayed Hurst.AllScaleMemoryBranches
warning: Hurst/AllScaleMemoryBranches.lean:13:5: Variable name `hcrit` is not explicitly referenced.

The binding can be removed (if unused) or named `_` (if used implicitly).

Note: This linter can be disabled with `set_option linter.unusedVariables false`
warning: Hurst/AllScaleMemoryBranches.lean:50:5: Variable name `hlong` is not explicitly referenced.

The binding can be removed (if unused) or named `_` (if used implicitly).

Note: This linter can be disabled with `set_option linter.unusedVariables false`
⚠ [4070/4297] Replayed Hurst.FourthCorrelationRows
warning: Hurst/FourthCorrelationRows.lean:106:5: Variable name `hA` is not explicitly referenced.

The binding can be removed (if unused) or named `_` (if used implicitly).

Note: This linter can be disabled with `set_option linter.unusedVariables false`
warning: Hurst/FourthCorrelationRows.lean:106:18: Variable name `he` is not explicitly referenced.

The binding can be removed (if unused) or named `_` (if used implicitly).

Note: This linter can be disabled with `set_option linter.unusedVariables false`
⚠ [8910/9222] Replayed Hurst.TriangularUniformization
warning: Hurst/TriangularUniformization.lean:27:27: This simp argument is unused:
  Classical.not_imp

Hint: Omit it from the simp argument list.
  simp only [not_forall, C̵l̵a̵s̵s̵i̵c̵a̵l̵.̵n̵o̵t̵_̵i̵m̵p̵,̵ ̵not_lt] at hφ

Note: This linter can be disabled with `set_option linter.unusedSimpArgs false`
⚠ [8911/9222] Replayed Hurst.ActualFirstTruncatedVarianceLimit
info: Hurst/ActualFirstTruncatedVarianceLimit.lean:190:27: Try this:
  [apply] ring_nf
  
  The `ring` tactic failed to close the goal. Use `ring_nf` to obtain a normal form.
    
  Note that `ring` works primarily in *commutative* rings. If you have a noncommutative ring, abelian group or module, consider using `noncomm_ring`, `abel` or `module` instead.
warning: Hurst/ActualFirstTruncatedVarianceLimit.lean:190:23: Used `tac1 <;> tac2` where `(tac1; tac2)` would suffice

Note: This linter can be disabled with `set_option linter.unnecessarySeqFocus false`
⚠ [8912/9222] Replayed Hurst.SecondFrozenCrossLagCorrelation
info: Hurst/SecondFrozenCrossLagCorrelation.lean:51:28: Try this:
  [apply] ring_nf
  
  The `ring` tactic failed to close the goal. Use `ring_nf` to obtain a normal form.
    
  Note that `ring` works primarily in *commutative* rings. If you have a noncommutative ring, abelian group or module, consider using `noncomm_ring`, `abel` or `module` instead.
info: Hurst/SecondFrozenCrossLagCorrelation.lean:56:28: Try this:
  [apply] ring_nf
  
  The `ring` tactic failed to close the goal. Use `ring_nf` to obtain a normal form.
    
  Note that `ring` works primarily in *commutative* rings. If you have a noncommutative ring, abelian group or module, consider using `noncomm_ring`, `abel` or `module` instead.
info: Hurst/SecondFrozenCrossLagCorrelation.lean:61:28: Try this:
  [apply] ring_nf
  
  The `ring` tactic failed to close the goal. Use `ring_nf` to obtain a normal form.
    
  Note that `ring` works primarily in *commutative* rings. If you have a noncommutative ring, abelian group or module, consider using `noncomm_ring`, `abel` or `module` instead.
warning: Hurst/SecondFrozenCrossLagCorrelation.lean:51:24: Used `tac1 <;> tac2` where `(tac1; tac2)` would suffice

Note: This linter can be disabled with `set_option linter.unnecessarySeqFocus false`
warning: Hurst/SecondFrozenCrossLagCorrelation.lean:56:24: Used `tac1 <;> tac2` where `(tac1; tac2)` would suffice

Note: This linter can be disabled with `set_option linter.unnecessarySeqFocus false`
warning: Hurst/SecondFrozenCrossLagCorrelation.lean:61:24: Used `tac1 <;> tac2` where `(tac1; tac2)` would suffice

Note: This linter can be disabled with `set_option linter.unnecessarySeqFocus false`
⚠ [8914/9222] Replayed Hurst.ActualSecondTruncatedVarianceLimit
info: Hurst/ActualSecondTruncatedVarianceLimit.lean:161:27: Try this:
  [apply] ring_nf
  
  The `ring` tactic failed to close the goal. Use `ring_nf` to obtain a normal form.
    
  Note that `ring` works primarily in *commutative* rings. If you have a noncommutative ring, abelian group or module, consider using `noncomm_ring`, `abel` or `module` instead.
warning: Hurst/ActualSecondTruncatedVarianceLimit.lean:161:23: Used `tac1 <;> tac2` where `(tac1; tac2)` would suffice

Note: This linter can be disabled with `set_option linter.unnecessarySeqFocus false`
⚠ [8919/9222] Replayed Hurst.PaddedProfile
warning: Hurst/PaddedProfile.lean:31:4: 'norm_num only [Nat.cast_add]' tactic does nothing

Note: This linter can be disabled with `set_option linter.unusedTactic false`
ℹ [8921/9222] Replayed Hurst.PaddedAsymptotics
info: Hurst/PaddedAsymptotics.lean:114:4: Try this:
  [apply] ring_nf
  
  The `ring` tactic failed to close the goal. Use `ring_nf` to obtain a normal form.
    
  Note that `ring` works primarily in *commutative* rings. If you have a noncommutative ring, abelian group or module, consider using `noncomm_ring`, `abel` or `module` instead.
⚠ [8924/9222] Replayed Hurst.WeightProfileLimit
warning: Hurst/WeightProfileLimit.lean:35:6: `tendsto_finset_sum` has been deprecated: Use `tendsto_finsetSum` instead
warning: Hurst/WeightProfileLimit.lean:32:95: Used `tac1 <;> tac2` where `(tac1; tac2)` would suffice

Note: This linter can be disabled with `set_option linter.unnecessarySeqFocus false`
⚠ [8928/9222] Replayed Hurst.DenseRowOverride
warning: Hurst/DenseRowOverride.lean:28:5: Variable name `h` is not explicitly referenced.

The binding can be removed (if unused) or named `_` (if used implicitly).

Note: This linter can be disabled with `set_option linter.unusedVariables false`
⚠ [8934/9222] Replayed Hurst.FeatureRestriction
warning: Hurst/FeatureRestriction.lean:21:0: automatically included section variable(s) unused in theorem `Hurst.euclideanCoordinateRestriction_apply`:
  [Fintype ι]
  [DecidableEq ι]
  [Fintype κ]
  [DecidableEq κ]
consider restructuring your `variable` declarations so that the variables are not in scope or explicitly omit them:
  omit [Fintype ι] [DecidableEq ι] [Fintype κ] [DecidableEq κ] in theorem ...

Note: This linter can be disabled with `set_option linter.unusedSectionVars false`
⚠ [8935/9222] Replayed Hurst.FeatureObservationMap
warning: Hurst/FeatureObservationMap.lean:30:0: automatically included section variable(s) unused in theorem `Hurst.standardizedFeatureObservationMap_apply`:
  [DecidableEq ι]
  [Fintype κ]
  [DecidableEq κ]
consider restructuring your `variable` declarations so that the variables are not in scope or explicitly omit them:
  omit [DecidableEq ι] [Fintype κ] [DecidableEq κ] in theorem ...

Note: This linter can be disabled with `set_option linter.unusedSectionVars false`
warning: Hurst/FeatureObservationMap.lean:37:1: automatically included section variable(s) unused in theorem `Hurst.standardizedFeatureVector_inner`:
  [DecidableEq ι]
consider restructuring your `variable` declarations so that the variables are not in scope or explicitly omit them:
  omit [DecidableEq ι] in theorem ...

Note: This linter can be disabled with `set_option linter.unusedSectionVars false`
warning: Hurst/FeatureObservationMap.lean:42:18: This simp argument is unused:
  smul_eq_mul

Hint: Omit it from the simp argument list.
  simp only [standardizedFeatureVector, inner_smul_left, inner_smul_right,
  ̵  ̵ ̵ ̵conj_trivial,
  ̲ s̵m̵u̵l̵_̵e̵q̵_̵m̵u̵l̵,̵  ̲ ̲featureCorrelation]

Note: This linter can be disabled with `set_option linter.unusedSimpArgs false`
warning: Hurst/FeatureObservationMap.lean:76:0: automatically included section variable(s) unused in theorem `Hurst.norm_standardizedFeatureVector`:
  [DecidableEq ι]
consider restructuring your `variable` declarations so that the variables are not in scope or explicitly omit them:
  omit [DecidableEq ι] in theorem ...

Note: This linter can be disabled with `set_option linter.unusedSectionVars false`
⚠ [8937/9222] Replayed Hurst.ActiveWindowCoordinates
warning: Hurst/ActiveWindowCoordinates.lean:69:6: try 'simp' instead of 'simpa'

Note: This linter can be disabled with `set_option linter.unnecessarySimpa false`
warning: Hurst/ActiveWindowCoordinates.lean:293:56: Used `tac1 <;> tac2` where `(tac1; tac2)` would suffice

Note: This linter can be disabled with `set_option linter.unnecessarySeqFocus false`
warning: Hurst/ActiveWindowCoordinates.lean:297:84: Used `tac1 <;> tac2` where `(tac1; tac2)` would suffice

Note: This linter can be disabled with `set_option linter.unnecessarySeqFocus false`
⚠ [8938/9222] Replayed Hurst.ActiveWeightProfile
warning: Hurst/ActiveWeightProfile.lean:122:55: Used `tac1 <;> tac2` where `(tac1; tac2)` would suffice

Note: This linter can be disabled with `set_option linter.unnecessarySeqFocus false`
⚠ [8942/9222] Replayed Hurst.ActiveCorrelationTail
warning: Hurst/ActiveCorrelationTail.lean:17:14: 'apply Fin.ext' tactic does nothing

Note: This linter can be disabled with `set_option linter.unusedTactic false`
warning: Hurst/ActiveCorrelationTail.lean:17:32: 'rfl' tactic does nothing

Note: This linter can be disabled with `set_option linter.unusedTactic false`
warning: Hurst/ActiveCorrelationTail.lean:17:14: this tactic is never executed

Note: This linter can be disabled with `set_option linter.unreachableTactic false`
warning: Hurst/ActiveCorrelationTail.lean:17:32: this tactic is never executed

Note: This linter can be disabled with `set_option linter.unreachableTactic false`
warning: Hurst/ActiveCorrelationTail.lean:47:19: Variable name `r` is not explicitly referenced.

The binding can be removed (if unused) or named `_` (if used implicitly).

Note: This linter can be disabled with `set_option linter.unusedVariables false`
warning: Hurst/ActiveCorrelationTail.lean:121:19: Variable name `r` is not explicitly referenced.

The binding can be removed (if unused) or named `_` (if used implicitly).

Note: This linter can be disabled with `set_option linter.unusedVariables false`
⚠ [8944/9222] Replayed Hurst.SafeStandardizedFeatureRow
warning: Hurst/SafeStandardizedFeatureRow.lean:19:5: Variable name `hk` is not explicitly referenced.

The binding can be removed (if unused) or named `_` (if used implicitly).

Note: This linter can be disabled with `set_option linter.unusedVariables false`
⚠ [8947/9222] Replayed Hurst.WeightedCorrelationTail
warning: Hurst/WeightedCorrelationTail.lean:8:18: Variable name `hB` is not explicitly referenced.

The binding can be removed (if unused) or named `_` (if used implicitly).

Note: This linter can be disabled with `set_option linter.unusedVariables false`
⚠ [8948/9222] Replayed Hurst.FullVarianceGeneric
warning: Hurst/FullVarianceGeneric.lean:91:28: Used `tac1 <;> tac2` where `(tac1; tac2)` would suffice

Note: This linter can be disabled with `set_option linter.unnecessarySeqFocus false`
⚠ [8957/9222] Replayed Hurst.LinearPatternMoment
warning: Hurst/LinearPatternMoment.lean:35:10: `ofReal_norm_eq_enorm` has been deprecated: Use `ofReal_norm` instead
⚠ [8958/9222] Replayed Hurst.PatternWeightExtraction
warning: Hurst/PatternWeightExtraction.lean:33:25: Variable name `hW0` is not explicitly referenced.

The binding can be removed (if unused) or named `_` (if used implicitly).

Note: This linter can be disabled with `set_option linter.unusedVariables false`
⚠ [8961/9222] Replayed Hurst.OneBlockPatternBound
warning: Hurst/OneBlockPatternBound.lean:17:15: Variable name `hW0` is not explicitly referenced.

The binding can be removed (if unused) or named `_` (if used implicitly).

Note: This linter can be disabled with `set_option linter.unusedVariables false`
⚠ [8967/9222] Replayed Hurst.DecayColoring
warning: Hurst/DecayColoring.lean:73:14: 'ring' tactic does nothing

Note: This linter can be disabled with `set_option linter.unusedTactic false`
warning: Hurst/DecayColoring.lean:73:14: this tactic is never executed

Note: This linter can be disabled with `set_option linter.unreachableTactic false`
⚠ [8968/9222] Replayed Hurst.FeatureStandardGaussianArray
warning: Hurst/FeatureStandardGaussianArray.lean:22:51: `ContinuousLinearMap.smul_apply` has been deprecated: Use `smul_apply` instead

Note: The updated constant is in a different namespace. Dot notation may need to be changed (e.g., from `x.smul_apply` to `smul_apply x`).
⚠ [8980/9222] Replayed Hurst.FirstStrideLongRows
warning: Hurst/FirstStrideLongRows.lean:48:23: Used `tac1 <;> tac2` where `(tac1; tac2)` would suffice

Note: This linter can be disabled with `set_option linter.unnecessarySeqFocus false`
warning: Hurst/FirstStrideLongRows.lean:98:5: Variable name `hA` is not explicitly referenced.

The binding can be removed (if unused) or named `_` (if used implicitly).

Note: This linter can be disabled with `set_option linter.unusedVariables false`
warning: Hurst/FirstStrideLongRows.lean:98:18: Variable name `he` is not explicitly referenced.

The binding can be removed (if unused) or named `_` (if used implicitly).

Note: This linter can be disabled with `set_option linter.unusedVariables false`
warning: Hurst/FirstStrideLongRows.lean:147:23: Used `tac1 <;> tac2` where `(tac1; tac2)` would suffice

Note: This linter can be disabled with `set_option linter.unnecessarySeqFocus false`
⚠ [8982/9222] Replayed Hurst.FirstScaleLongBias
warning: Hurst/FirstScaleLongBias.lean:74:4: 'norm_num only [Nat.cast_ofNat]' tactic does nothing

Note: This linter can be disabled with `set_option linter.unusedTactic false`
⚠ [8985/9222] Replayed Hurst.FirstScaleLongRates
warning: Hurst/FirstScaleLongRates.lean:150:46: Used `tac1 <;> tac2` where `(tac1; tac2)` would suffice

Note: This linter can be disabled with `set_option linter.unnecessarySeqFocus false`
⚠ [8988/9222] Replayed Hurst.EvenMomentAlgebra
info: Hurst/EvenMomentAlgebra.lean:39:70: Try this:
  [apply] ring_nf
  
  The `ring` tactic failed to close the goal. Use `ring_nf` to obtain a normal form.
    
  Note that `ring` works primarily in *commutative* rings. If you have a noncommutative ring, abelian group or module, consider using `noncomm_ring`, `abel` or `module` instead.
warning: Hurst/EvenMomentAlgebra.lean:9:37: Variable name `hk` is not explicitly referenced.

The binding can be removed (if unused) or named `_` (if used implicitly).

Note: This linter can be disabled with `set_option linter.unusedVariables false`
warning: Hurst/EvenMomentAlgebra.lean:39:66: Used `tac1 <;> tac2` where `(tac1; tac2)` would suffice

Note: This linter can be disabled with `set_option linter.unnecessarySeqFocus false`
info: Hurst/EvenMomentAlgebra.lean:73:70: Try this:
  [apply] ring_nf
  
  The `ring` tactic failed to close the goal. Use `ring_nf` to obtain a normal form.
    
  Note that `ring` works primarily in *commutative* rings. If you have a noncommutative ring, abelian group or module, consider using `noncomm_ring`, `abel` or `module` instead.
warning: Hurst/EvenMomentAlgebra.lean:57:33: Variable name `hk` is not explicitly referenced.

The binding can be removed (if unused) or named `_` (if used implicitly).

Note: This linter can be disabled with `set_option linter.unusedVariables false`
warning: Hurst/EvenMomentAlgebra.lean:73:66: Used `tac1 <;> tac2` where `(tac1; tac2)` would suffice

Note: This linter can be disabled with `set_option linter.unnecessarySeqFocus false`
info: Hurst/EvenMomentAlgebra.lean:114:20: Try this:
  [apply] ring_nf
  
  The `ring` tactic failed to close the goal. Use `ring_nf` to obtain a normal form.
    
  Note that `ring` works primarily in *commutative* rings. If you have a noncommutative ring, abelian group or module, consider using `noncomm_ring`, `abel` or `module` instead.
warning: Hurst/EvenMomentAlgebra.lean:95:33: Variable name `hk` is not explicitly referenced.

The binding can be removed (if unused) or named `_` (if used implicitly).

Note: This linter can be disabled with `set_option linter.unusedVariables false`
warning: Hurst/EvenMomentAlgebra.lean:114:16: Used `tac1 <;> tac2` where `(tac1; tac2)` would suffice

Note: This linter can be disabled with `set_option linter.unnecessarySeqFocus false`
warning: Hurst/EvenMomentAlgebra.lean:122:27: Variable name `hk` is not explicitly referenced.

The binding can be removed (if unused) or named `_` (if used implicitly).

Note: This linter can be disabled with `set_option linter.unusedVariables false`
⚠ [8990/9222] Replayed Hurst.FirstLongKernelAsymptotic
warning: Hurst/FirstLongKernelAsymptotic.lean:29:25: '(simp only [one_mul, mul_one, id_eq]; ring)' tactic does nothing

Note: This linter can be disabled with `set_option linter.unusedTactic false`
warning: Hurst/FirstLongKernelAsymptotic.lean:29:25: this tactic is never executed

Note: This linter can be disabled with `set_option linter.unreachableTactic false`
info: Hurst/FirstLongKernelAsymptotic.lean:44:18: Try this:
  [apply] ring_nf
  
  The `ring` tactic failed to close the goal. Use `ring_nf` to obtain a normal form.
    
  Note that `ring` works primarily in *commutative* rings. If you have a noncommutative ring, abelian group or module, consider using `noncomm_ring`, `abel` or `module` instead.
warning: Hurst/FirstLongKernelAsymptotic.lean:44:25: '(simp only [one_mul, mul_one, id_eq]; ring)' tactic does nothing

Note: This linter can be disabled with `set_option linter.unusedTactic false`
warning: Hurst/FirstLongKernelAsymptotic.lean:44:25: this tactic is never executed

Note: This linter can be disabled with `set_option linter.unreachableTactic false`
warning: Hurst/FirstLongKernelAsymptotic.lean:125:82: 'ring' tactic does nothing

Note: This linter can be disabled with `set_option linter.unusedTactic false`
warning: Hurst/FirstLongKernelAsymptotic.lean:125:82: this tactic is never executed

Note: This linter can be disabled with `set_option linter.unreachableTactic false`
warning: Hurst/FirstLongKernelAsymptotic.lean:85:53: Used `tac1 <;> tac2` where `(tac1; tac2)` would suffice

Note: This linter can be disabled with `set_option linter.unnecessarySeqFocus false`
warning: Hurst/FirstLongKernelAsymptotic.lean:98:53: Used `tac1 <;> tac2` where `(tac1; tac2)` would suffice

Note: This linter can be disabled with `set_option linter.unnecessarySeqFocus false`
warning: Hurst/FirstLongKernelAsymptotic.lean:125:23: Used `tac1 <;> tac2` where `(tac1; tac2)` would suffice

Note: This linter can be disabled with `set_option linter.unnecessarySeqFocus false`
info: Hurst/FirstLongKernelAsymptotic.lean:188:26: Try this:
  [apply] ring_nf
  
  The `ring` tactic failed to close the goal. Use `ring_nf` to obtain a normal form.
    
  Note that `ring` works primarily in *commutative* rings. If you have a noncommutative ring, abelian group or module, consider using `noncomm_ring`, `abel` or `module` instead.
warning: Hurst/FirstLongKernelAsymptotic.lean:188:22: Used `tac1 <;> tac2` where `(tac1; tac2)` would suffice

Note: This linter can be disabled with `set_option linter.unnecessarySeqFocus false`
info: Hurst/FirstLongKernelAsymptotic.lean:220:26: Try this:
  [apply] ring_nf
  
  The `ring` tactic failed to close the goal. Use `ring_nf` to obtain a normal form.
    
  Note that `ring` works primarily in *commutative* rings. If you have a noncommutative ring, abelian group or module, consider using `noncomm_ring`, `abel` or `module` instead.
warning: Hurst/FirstLongKernelAsymptotic.lean:220:22: Used `tac1 <;> tac2` where `(tac1; tac2)` would suffice

Note: This linter can be disabled with `set_option linter.unnecessarySeqFocus false`
⚠ [8992/9222] Replayed Hurst.FirstLongCrossKernel
info: Hurst/FirstLongCrossKernel.lean:49:4: Try this:
  [apply] ring_nf
  
  The `ring` tactic failed to close the goal. Use `ring_nf` to obtain a normal form.
    
  Note that `ring` works primarily in *commutative* rings. If you have a noncommutative ring, abelian group or module, consider using `noncomm_ring`, `abel` or `module` instead.
warning: Hurst/FirstLongCrossKernel.lean:38:18: This simp argument is unused:
  min_eq_left (by linarith : (1 : ℝ) ≤ 1 + u)

Hint: Omit it from the simp argument list.
  simp [̵m̵i̵n̵_̵e̵q̵_̵l̵e̵f̵t̵[̲m̲a̲x̲_̲e̲q̲_̲r̲i̲g̲h̲t̲ (by linarith : (1 : ℝ) ≤ 1 + u), m̵a̵x̵_̵e̵q̵_̵r̵i̵g̵h̵t̵ ̵(̵b̵y̵ ̵l̵i̵n̵a̵r̵i̵t̵h̵ ̵:̵ ̵(̵1̵ ̵:̵ ̵ℝ̵)̵ ̵≤̵ ̵1̵ ̵+̵ ̵u̵)̵,̵ ̵hu.le]

Note: This linter can be disabled with `set_option linter.unusedSimpArgs false`
warning: Hurst/FirstLongCrossKernel.lean:39:14: This simp argument is unused:
  max_eq_right (by linarith : (1 : ℝ) ≤ 1 + u)

Hint: Omit it from the simp argument list.
  simp [min_eq_left (by linarith : (1 : ℝ) ≤ 1 + u), m̵a̵x̵_̵e̵q̵_̵r̵i̵g̵h̵t̵ ̵(̵b̵y̵ ̵l̵i̵n̵a̵r̵i̵t̵h̵ ̵:̵ ̵(̵1̵ ̵:̵ ̵ℝ̵)̵ ̵≤̵ ̵1̵ ̵+̵ ̵u̵)̵,̵ ̵hu.le]

Note: This linter can be disabled with `set_option linter.unusedSimpArgs false`
info: Hurst/FirstLongCrossKernel.lean:92:4: Try this:
  [apply] ring_nf
  
  The `ring` tactic failed to close the goal. Use `ring_nf` to obtain a normal form.
    
  Note that `ring` works primarily in *commutative* rings. If you have a noncommutative ring, abelian group or module, consider using `noncomm_ring`, `abel` or `module` instead.
warning: Hurst/FirstLongCrossKernel.lean:81:18: This simp argument is unused:
  min_eq_right (by linarith : 1 - u ≤ (1 : ℝ))

Hint: Omit it from the simp argument list.
  simp [̵m̵i̵n̵_̵e̵q̵_̵r̵i̵g̵h̵t̵[̲m̲a̲x̲_̲e̲q̲_̲l̲e̲f̲t̲ (by linarith : 1 - u ≤ (1 : ℝ)), m̵a̵x̵_̵e̵q̵_̵l̵e̵f̵t̵ ̵(̵b̵y̵ ̵l̵i̵n̵a̵r̵i̵t̵h̵ ̵:̵ ̵1̵ ̵-̵ ̵u̵ ̵≤̵ ̵(̵1̵ ̵:̵ ̵ℝ̵)̵)̵,̵ ̵hu.le]

Note: This linter can be disabled with `set_option linter.unusedSimpArgs false`
warning: Hurst/FirstLongCrossKernel.lean:82:14: This simp argument is unused:
  max_eq_left (by linarith : 1 - u ≤ (1 : ℝ))

Hint: Omit it from the simp argument list.
  simp [min_eq_right (by linarith : 1 - u ≤ (1 : ℝ)), m̵a̵x̵_̵e̵q̵_̵l̵e̵f̵t̵ ̵(̵b̵y̵ ̵l̵i̵n̵a̵r̵i̵t̵h̵ ̵:̵ ̵1̵ ̵-̵ ̵u̵ ̵≤̵ ̵(̵1̵ ̵:̵ ̵ℝ̵)̵)̵,̵ ̵hu.le]

Note: This linter can be disabled with `set_option linter.unusedSimpArgs false`
info: Hurst/FirstLongCrossKernel.lean:184:28: Try this:
  [apply] ring_nf
  
  The `ring` tactic failed to close the goal. Use `ring_nf` to obtain a normal form.
    
  Note that `ring` works primarily in *commutative* rings. If you have a noncommutative ring, abelian group or module, consider using `noncomm_ring`, `abel` or `module` instead.
warning: Hurst/FirstLongCrossKernel.lean:184:24: Used `tac1 <;> tac2` where `(tac1; tac2)` would suffice

Note: This linter can be disabled with `set_option linter.unnecessarySeqFocus false`
info: Hurst/FirstLongCrossKernel.lean:200:48: Try this:
  [apply] ring_nf
  
  The `ring` tactic failed to close the goal. Use `ring_nf` to obtain a normal form.
    
  Note that `ring` works primarily in *commutative* rings. If you have a noncommutative ring, abelian group or module, consider using `noncomm_ring`, `abel` or `module` instead.
warning: Hurst/FirstLongCrossKernel.lean:200:44: Used `tac1 <;> tac2` where `(tac1; tac2)` would suffice

Note: This linter can be disabled with `set_option linter.unnecessarySeqFocus false`
info: Hurst/FirstLongCrossKernel.lean:263:38: Try this:
  [apply] ring_nf
  
  The `ring` tactic failed to close the goal. Use `ring_nf` to obtain a normal form.
    
  Note that `ring` works primarily in *commutative* rings. If you have a noncommutative ring, abelian group or module, consider using `noncomm_ring`, `abel` or `module` instead.
info: Hurst/FirstLongCrossKernel.lean:333:29: Try this:
  [apply] ring_nf
  
  The `ring` tactic failed to close the goal. Use `ring_nf` to obtain a normal form.
    
  Note that `ring` works primarily in *commutative* rings. If you have a noncommutative ring, abelian group or module, consider using `noncomm_ring`, `abel` or `module` instead.
warning: Hurst/FirstLongCrossKernel.lean:331:8: 'ring' tactic does nothing

Note: This linter can be disabled with `set_option linter.unusedTactic false`
warning: Hurst/FirstLongCrossKernel.lean:331:8: this tactic is never executed

Note: This linter can be disabled with `set_option linter.unreachableTactic false`
warning: Hurst/FirstLongCrossKernel.lean:263:34: Used `tac1 <;> tac2` where `(tac1; tac2)` would suffice

Note: This linter can be disabled with `set_option linter.unnecessarySeqFocus false`
warning: Hurst/FirstLongCrossKernel.lean:333:25: Used `tac1 <;> tac2` where `(tac1; tac2)` would suffice

Note: This linter can be disabled with `set_option linter.unnecessarySeqFocus false`
info: Hurst/FirstLongCrossKernel.lean:350:59: Try this:
  [apply] ring_nf
  
  The `ring` tactic failed to close the goal. Use `ring_nf` to obtain a normal form.
    
  Note that `ring` works primarily in *commutative* rings. If you have a noncommutative ring, abelian group or module, consider using `noncomm_ring`, `abel` or `module` instead.
info: Hurst/FirstLongCrossKernel.lean:353:54: Try this:
  [apply] ring_nf
  
  The `ring` tactic failed to close the goal. Use `ring_nf` to obtain a normal form.
    
  Note that `ring` works primarily in *commutative* rings. If you have a noncommutative ring, abelian group or module, consider using `noncomm_ring`, `abel` or `module` instead.
info: Hurst/FirstLongCrossKernel.lean:388:26: Try this:
  [apply] ring_nf
  
  The `ring` tactic failed to close the goal. Use `ring_nf` to obtain a normal form.
    
  Note that `ring` works primarily in *commutative* rings. If you have a noncommutative ring, abelian group or module, consider using `noncomm_ring`, `abel` or `module` instead.
warning: Hurst/FirstLongCrossKernel.lean:350:55: Used `tac1 <;> tac2` where `(tac1; tac2)` would suffice

Note: This linter can be disabled with `set_option linter.unnecessarySeqFocus false`
warning: Hurst/FirstLongCrossKernel.lean:353:50: Used `tac1 <;> tac2` where `(tac1; tac2)` would suffice

Note: This linter can be disabled with `set_option linter.unnecessarySeqFocus false`
warning: Hurst/FirstLongCrossKernel.lean:388:22: Used `tac1 <;> tac2` where `(tac1; tac2)` would suffice

Note: This linter can be disabled with `set_option linter.unnecessarySeqFocus false`
⚠ [8997/9222] Replayed Hurst.ActualLocalRawEvenMoment
warning: Hurst/ActualLocalRawEvenMoment.lean:95:29: Used `tac1 <;> tac2` where `(tac1; tac2)` would suffice

Note: This linter can be disabled with `set_option linter.unnecessarySeqFocus false`
warning: Hurst/ActualLocalRawEvenMoment.lean:95:41: Used `tac1 <;> tac2` where `(tac1; tac2)` would suffice

Note: This linter can be disabled with `set_option linter.unnecessarySeqFocus false`
warning: Hurst/ActualLocalRawEvenMoment.lean:231:29: Used `tac1 <;> tac2` where `(tac1; tac2)` would suffice

Note: This linter can be disabled with `set_option linter.unnecessarySeqFocus false`
warning: Hurst/ActualLocalRawEvenMoment.lean:231:41: Used `tac1 <;> tac2` where `(tac1; tac2)` would suffice

Note: This linter can be disabled with `set_option linter.unnecessarySeqFocus false`
warning: Hurst/ActualLocalRawEvenMoment.lean:232:64: Used `tac1 <;> tac2` where `(tac1; tac2)` would suffice

Note: This linter can be disabled with `set_option linter.unnecessarySeqFocus false`
⚠ [9000/9222] Replayed Hurst.FirstLongDiagonalBand
warning: Hurst/FirstLongDiagonalBand.lean:43:23: Used `tac1 <;> tac2` where `(tac1; tac2)` would suffice

Note: This linter can be disabled with `set_option linter.unnecessarySeqFocus false`
warning: Hurst/FirstLongDiagonalBand.lean:43:37: Used `tac1 <;> tac2` where `(tac1; tac2)` would suffice

Note: This linter can be disabled with `set_option linter.unnecessarySeqFocus false`
⚠ [9001/9222] Replayed Hurst.FirstLongMeshHilbertSchmidt
warning: Hurst/FirstLongMeshHilbertSchmidt.lean:127:5: Variable name `he` is not explicitly referenced.

The binding can be removed (if unused) or named `_` (if used implicitly).

Note: This linter can be disabled with `set_option linter.unusedVariables false`
info: Hurst/FirstLongMeshHilbertSchmidt.lean:192:70: Try this:
  [apply] ring_nf
  
  The `ring` tactic failed to close the goal. Use `ring_nf` to obtain a normal form.
    
  Note that `ring` works primarily in *commutative* rings. If you have a noncommutative ring, abelian group or module, consider using `noncomm_ring`, `abel` or `module` instead.
warning: Hurst/FirstLongMeshHilbertSchmidt.lean:192:66: Used `tac1 <;> tac2` where `(tac1; tac2)` would suffice

Note: This linter can be disabled with `set_option linter.unnecessarySeqFocus false`
warning: Hurst/FirstLongMeshHilbertSchmidt.lean:194:31: Used `tac1 <;> tac2` where `(tac1; tac2)` would suffice

Note: This linter can be disabled with `set_option linter.unnecessarySeqFocus false`
info: Hurst/FirstLongMeshHilbertSchmidt.lean:257:6: Try this:
  [apply] ring_nf
  
  The `ring` tactic failed to close the goal. Use `ring_nf` to obtain a normal form.
    
  Note that `ring` works primarily in *commutative* rings. If you have a noncommutative ring, abelian group or module, consider using `noncomm_ring`, `abel` or `module` instead.
warning: Hurst/FirstLongMeshHilbertSchmidt.lean:223:39: Variable name `he` is not explicitly referenced.

The binding can be removed (if unused) or named `_` (if used implicitly).

Note: This linter can be disabled with `set_option linter.unusedVariables false`
info: Hurst/FirstLongMeshHilbertSchmidt.lean:283:70: Try this:
  [apply] ring_nf
  
  The `ring` tactic failed to close the goal. Use `ring_nf` to obtain a normal form.
    
  Note that `ring` works primarily in *commutative* rings. If you have a noncommutative ring, abelian group or module, consider using `noncomm_ring`, `abel` or `module` instead.
info: Hurst/FirstLongMeshHilbertSchmidt.lean:285:49: Try this:
  [apply] ring_nf
  
  The `ring` tactic failed to close the goal. Use `ring_nf` to obtain a normal form.
    
  Note that `ring` works primarily in *commutative* rings. If you have a noncommutative ring, abelian group or module, consider using `noncomm_ring`, `abel` or `module` instead.
warning: Hurst/FirstLongMeshHilbertSchmidt.lean:265:35: Variable name `hC` is not explicitly referenced.

The binding can be removed (if unused) or named `_` (if used implicitly).

Note: This linter can be disabled with `set_option linter.unusedVariables false`
warning: Hurst/FirstLongMeshHilbertSchmidt.lean:283:66: Used `tac1 <;> tac2` where `(tac1; tac2)` would suffice

Note: This linter can be disabled with `set_option linter.unnecessarySeqFocus false`
warning: Hurst/FirstLongMeshHilbertSchmidt.lean:285:45: Used `tac1 <;> tac2` where `(tac1; tac2)` would suffice

Note: This linter can be disabled with `set_option linter.unnecessarySeqFocus false`
⚠ [9002/9222] Replayed Hurst.OptimalCombinedRawEvenMoment
warning: Hurst/OptimalCombinedRawEvenMoment.lean:10:18: Variable name `kpos` is not explicitly referenced.

The binding can be removed (if unused) or named `_` (if used implicitly).

Note: This linter can be disabled with `set_option linter.unusedVariables false`
warning: Hurst/OptimalCombinedRawEvenMoment.lean:42:15: Variable name `hp` is not explicitly referenced.

The binding can be removed (if unused) or named `_` (if used implicitly).

Note: This linter can be disabled with `set_option linter.unusedVariables false`
warning: Hurst/OptimalCombinedRawEvenMoment.lean:42:38: Variable name `hk` is not explicitly referenced.

The binding can be removed (if unused) or named `_` (if used implicitly).

Note: This linter can be disabled with `set_option linter.unusedVariables false`
info: Hurst/OptimalCombinedRawEvenMoment.lean:239:6: Try this:
  [apply] ring_nf
  
  The `ring` tactic failed to close the goal. Use `ring_nf` to obtain a normal form.
    
  Note that `ring` works primarily in *commutative* rings. If you have a noncommutative ring, abelian group or module, consider using `noncomm_ring`, `abel` or `module` instead.
info: Hurst/OptimalCombinedRawEvenMoment.lean:466:6: Try this:
  [apply] ring_nf
  
  The `ring` tactic failed to close the goal. Use `ring_nf` to obtain a normal form.
    
  Note that `ring` works primarily in *commutative* rings. If you have a noncommutative ring, abelian group or module, consider using `noncomm_ring`, `abel` or `module` instead.
⚠ [9003/9222] Replayed Hurst.ActualFirstLongQuadraticReindex
warning: Hurst/ActualFirstLongQuadraticReindex.lean:30:5: Variable name `r` is not explicitly referenced.

The binding can be removed (if unused) or named `_` (if used implicitly).

Note: This linter can be disabled with `set_option linter.unusedVariables false`
⚠ [9004/9222] Replayed Hurst.FirstLongUniformQuotient
info: Hurst/FirstLongUniformQuotient.lean:49:4: Try this:
  [apply] ring_nf
  
  The `ring` tactic failed to close the goal. Use `ring_nf` to obtain a normal form.
    
  Note that `ring` works primarily in *commutative* rings. If you have a noncommutative ring, abelian group or module, consider using `noncomm_ring`, `abel` or `module` instead.
warning: Hurst/FirstLongUniformQuotient.lean:10:18: Variable name `hu1` is not explicitly referenced.

The binding can be removed (if unused) or named `_` (if used implicitly).

Note: This linter can be disabled with `set_option linter.unusedVariables false`
warning: Hurst/FirstLongUniformQuotient.lean:37:18: This simp argument is unused:
  min_eq_left (by linarith : (1 : ℝ) ≤ 1 + u)

Hint: Omit it from the simp argument list.
  simp [̵m̵i̵n̵_̵e̵q̵_̵l̵e̵f̵t̵[̲m̲a̲x̲_̲e̲q̲_̲r̲i̲g̲h̲t̲ (by linarith : (1 : ℝ) ≤ 1 + u), m̵a̵x̵_̵e̵q̵_̵r̵i̵g̵h̵t̵ ̵(̵b̵y̵ ̵l̵i̵n̵a̵r̵i̵t̵h̵ ̵:̵ ̵(̵1̵ ̵:̵ ̵ℝ̵)̵ ̵≤̵ ̵1̵ ̵+̵ ̵u̵)̵,̵ ̵hu.le]

Note: This linter can be disabled with `set_option linter.unusedSimpArgs false`
warning: Hurst/FirstLongUniformQuotient.lean:38:14: This simp argument is unused:
  max_eq_right (by linarith : (1 : ℝ) ≤ 1 + u)

Hint: Omit it from the simp argument list.
  simp [min_eq_left (by linarith : (1 : ℝ) ≤ 1 + u), m̵a̵x̵_̵e̵q̵_̵r̵i̵g̵h̵t̵ ̵(̵b̵y̵ ̵l̵i̵n̵a̵r̵i̵t̵h̵ ̵:̵ ̵(̵1̵ ̵:̵ ̵ℝ̵)̵ ̵≤̵ ̵1̵ ̵+̵ ̵u̵)̵,̵ ̵hu.le]

Note: This linter can be disabled with `set_option linter.unusedSimpArgs false`
info: Hurst/FirstLongUniformQuotient.lean:94:4: Try this:
  [apply] ring_nf
  
  The `ring` tactic failed to close the goal. Use `ring_nf` to obtain a normal form.
    
  Note that `ring` works primarily in *commutative* rings. If you have a noncommutative ring, abelian group or module, consider using `noncomm_ring`, `abel` or `module` instead.
warning: Hurst/FirstLongUniformQuotient.lean:82:18: This simp argument is unused:
  min_eq_right (by linarith : 1 - u ≤ (1 : ℝ))

Hint: Omit it from the simp argument list.
  simp [̵m̵i̵n̵_̵e̵q̵_̵r̵i̵g̵h̵t̵[̲m̲a̲x̲_̲e̲q̲_̲l̲e̲f̲t̲ (by linarith : 1 - u ≤ (1 : ℝ)), m̵a̵x̵_̵e̵q̵_̵l̵e̵f̵t̵ ̵(̵b̵y̵ ̵l̵i̵n̵a̵r̵i̵t̵h̵ ̵:̵ ̵1̵ ̵-̵ ̵u̵ ̵≤̵ ̵(̵1̵ ̵:̵ ̵ℝ̵)̵)̵,̵ ̵hu.le]

Note: This linter can be disabled with `set_option linter.unusedSimpArgs false`
warning: Hurst/FirstLongUniformQuotient.lean:83:14: This simp argument is unused:
  max_eq_left (by linarith : 1 - u ≤ (1 : ℝ))

Hint: Omit it from the simp argument list.
  simp [min_eq_right (by linarith : 1 - u ≤ (1 : ℝ)), m̵a̵x̵_̵e̵q̵_̵l̵e̵f̵t̵ ̵(̵b̵y̵ ̵l̵i̵n̵a̵r̵i̵t̵h̵ ̵:̵ ̵1̵ ̵-̵ ̵u̵ ̵≤̵ ̵(̵1̵ ̵:̵ ̵ℝ̵)̵)̵,̵ ̵hu.le]

Note: This linter can be disabled with `set_option linter.unusedSimpArgs false`
info: Hurst/FirstLongUniformQuotient.lean:119:53: Try this:
  [apply] ring_nf
  
  The `ring` tactic failed to close the goal. Use `ring_nf` to obtain a normal form.
    
  Note that `ring` works primarily in *commutative* rings. If you have a noncommutative ring, abelian group or module, consider using `noncomm_ring`, `abel` or `module` instead.
warning: Hurst/FirstLongUniformQuotient.lean:109:5: Variable name `hu0` is not explicitly referenced.

The binding can be removed (if unused) or named `_` (if used implicitly).

Note: This linter can be disabled with `set_option linter.unusedVariables false`
warning: Hurst/FirstLongUniformQuotient.lean:109:19: Variable name `hu2` is not explicitly referenced.

The binding can be removed (if unused) or named `_` (if used implicitly).

Note: This linter can be disabled with `set_option linter.unusedVariables false`
warning: Hurst/FirstLongUniformQuotient.lean:119:49: Used `tac1 <;> tac2` where `(tac1; tac2)` would suffice

Note: This linter can be disabled with `set_option linter.unnecessarySeqFocus false`
warning: Hurst/FirstLongUniformQuotient.lean:161:8: 'ring' tactic does nothing

Note: This linter can be disabled with `set_option linter.unusedTactic false`
warning: Hurst/FirstLongUniformQuotient.lean:161:8: this tactic is never executed

Note: This linter can be disabled with `set_option linter.unreachableTactic false`
⚠ [9008/9222] Replayed Hurst.ActualFirstLongOffDiagonal
warning: Hurst/ActualFirstLongOffDiagonal.lean:60:6: 'ring' tactic does nothing

Note: This linter can be disabled with `set_option linter.unusedTactic false`
warning: Hurst/ActualFirstLongOffDiagonal.lean:60:6: this tactic is never executed

Note: This linter can be disabled with `set_option linter.unreachableTactic false`
warning: Hurst/ActualFirstLongOffDiagonal.lean:144:61: Used `tac1 <;> tac2` where `(tac1; tac2)` would suffice

Note: This linter can be disabled with `set_option linter.unnecessarySeqFocus false`
warning: Hurst/ActualFirstLongOffDiagonal.lean:495:48: Used `tac1 <;> tac2` where `(tac1; tac2)` would suffice

Note: This linter can be disabled with `set_option linter.unnecessarySeqFocus false`
warning: Hurst/ActualFirstLongOffDiagonal.lean:583:5: Variable name `hF` is not explicitly referenced.

The binding can be removed (if unused) or named `_` (if used implicitly).

Note: This linter can be disabled with `set_option linter.unusedVariables false`
warning: Hurst/ActualFirstLongOffDiagonal.lean:594:8: 'ring' tactic does nothing

Note: This linter can be disabled with `set_option linter.unusedTactic false`
warning: Hurst/ActualFirstLongOffDiagonal.lean:594:8: this tactic is never executed

Note: This linter can be disabled with `set_option linter.unreachableTactic false`
⚠ [9011/9222] Replayed Hurst.MemorySecondMoment
warning: Hurst/MemorySecondMoment.lean:13:46: Variable name `hL` is not explicitly referenced.

The binding can be removed (if unused) or named `_` (if used implicitly).

Note: This linter can be disabled with `set_option linter.unusedVariables false`
⚠ [9015/9222] Replayed Hurst.FiniteRowCutoff
warning: Hurst/FiniteRowCutoff.lean:33:23: Used `tac1 <;> tac2` where `(tac1; tac2)` would suffice

Note: This linter can be disabled with `set_option linter.unnecessarySeqFocus false`
warning: Hurst/FiniteRowCutoff.lean:33:37: Used `tac1 <;> tac2` where `(tac1; tac2)` would suffice

Note: This linter can be disabled with `set_option linter.unnecessarySeqFocus false`
warning: Hurst/FiniteRowCutoff.lean:40:29: Variable name `he` is not explicitly referenced.

The binding can be removed (if unused) or named `_` (if used implicitly).

Note: This linter can be disabled with `set_option linter.unusedVariables false`
⚠ [9016/9222] Replayed Hurst.LongTailRowBound
warning: Hurst/LongTailRowBound.lean:19:60: Used `tac1 <;> tac2` where `(tac1; tac2)` would suffice

Note: This linter can be disabled with `set_option linter.unnecessarySeqFocus false`
⚠ [9017/9222] Replayed Hurst.FirstLongRealScaleHilbertSchmidt
warning: Hurst/FirstLongRealScaleHilbertSchmidt.lean:31:23: Used `tac1 <;> tac2` where `(tac1; tac2)` would suffice

Note: This linter can be disabled with `set_option linter.unnecessarySeqFocus false`
warning: Hurst/FirstLongRealScaleHilbertSchmidt.lean:31:37: Used `tac1 <;> tac2` where `(tac1; tac2)` would suffice

Note: This linter can be disabled with `set_option linter.unnecessarySeqFocus false`
info: Hurst/FirstLongRealScaleHilbertSchmidt.lean:97:8: Try this:
  [apply] ring_nf
  
  The `ring` tactic failed to close the goal. Use `ring_nf` to obtain a normal form.
    
  Note that `ring` works primarily in *commutative* rings. If you have a noncommutative ring, abelian group or module, consider using `noncomm_ring`, `abel` or `module` instead.
warning: Hurst/FirstLongRealScaleHilbertSchmidt.lean:179:5: Variable name `he` is not explicitly referenced.

The binding can be removed (if unused) or named `_` (if used implicitly).

Note: This linter can be disabled with `set_option linter.unusedVariables false`
info: Hurst/FirstLongRealScaleHilbertSchmidt.lean:249:6: Try this:
  [apply] ring_nf
  
  The `ring` tactic failed to close the goal. Use `ring_nf` to obtain a normal form.
    
  Note that `ring` works primarily in *commutative* rings. If you have a noncommutative ring, abelian group or module, consider using `noncomm_ring`, `abel` or `module` instead.
warning: Hurst/FirstLongRealScaleHilbertSchmidt.lean:215:47: Variable name `he` is not explicitly referenced.

The binding can be removed (if unused) or named `_` (if used implicitly).

Note: This linter can be disabled with `set_option linter.unusedVariables false`
info: Hurst/FirstLongRealScaleHilbertSchmidt.lean:275:70: Try this:
  [apply] ring_nf
  
  The `ring` tactic failed to close the goal. Use `ring_nf` to obtain a normal form.
    
  Note that `ring` works primarily in *commutative* rings. If you have a noncommutative ring, abelian group or module, consider using `noncomm_ring`, `abel` or `module` instead.
info: Hurst/FirstLongRealScaleHilbertSchmidt.lean:277:55: Try this:
  [apply] ring_nf
  
  The `ring` tactic failed to close the goal. Use `ring_nf` to obtain a normal form.
    
  Note that `ring` works primarily in *commutative* rings. If you have a noncommutative ring, abelian group or module, consider using `noncomm_ring`, `abel` or `module` instead.
warning: Hurst/FirstLongRealScaleHilbertSchmidt.lean:258:5: Variable name `hC` is not explicitly referenced.

The binding can be removed (if unused) or named `_` (if used implicitly).

Note: This linter can be disabled with `set_option linter.unusedVariables false`
warning: Hurst/FirstLongRealScaleHilbertSchmidt.lean:275:66: Used `tac1 <;> tac2` where `(tac1; tac2)` would suffice

Note: This linter can be disabled with `set_option linter.unnecessarySeqFocus false`
warning: Hurst/FirstLongRealScaleHilbertSchmidt.lean:277:51: Used `tac1 <;> tac2` where `(tac1; tac2)` would suffice

Note: This linter can be disabled with `set_option linter.unnecessarySeqFocus false`
info: Hurst/FirstLongRealScaleHilbertSchmidt.lean:330:70: Try this:
  [apply] ring_nf
  
  The `ring` tactic failed to close the goal. Use `ring_nf` to obtain a normal form.
    
  Note that `ring` works primarily in *commutative* rings. If you have a noncommutative ring, abelian group or module, consider using `noncomm_ring`, `abel` or `module` instead.
info: Hurst/FirstLongRealScaleHilbertSchmidt.lean:332:49: Try this:
  [apply] ring_nf
  
  The `ring` tactic failed to close the goal. Use `ring_nf` to obtain a normal form.
    
  Note that `ring` works primarily in *commutative* rings. If you have a noncommutative ring, abelian group or module, consider using `noncomm_ring`, `abel` or `module` instead.
warning: Hurst/FirstLongRealScaleHilbertSchmidt.lean:313:35: Variable name `hC` is not explicitly referenced.

The binding can be removed (if unused) or named `_` (if used implicitly).

Note: This linter can be disabled with `set_option linter.unusedVariables false`
warning: Hurst/FirstLongRealScaleHilbertSchmidt.lean:330:66: Used `tac1 <;> tac2` where `(tac1; tac2)` would suffice

Note: This linter can be disabled with `set_option linter.unnecessarySeqFocus false`
warning: Hurst/FirstLongRealScaleHilbertSchmidt.lean:332:45: Used `tac1 <;> tac2` where `(tac1; tac2)` would suffice

Note: This linter can be disabled with `set_option linter.unnecessarySeqFocus false`
⚠ [9018/9222] Replayed Hurst.ActualFirstLongBandEnergy
warning: Hurst/ActualFirstLongBandEnergy.lean:28:13: Variable name `h` is not explicitly referenced.

The binding can be removed (if unused) or named `_` (if used implicitly).

Note: This linter can be disabled with `set_option linter.unusedVariables false`
warning: Hurst/ActualFirstLongBandEnergy.lean:28:23: Variable name `hp` is not explicitly referenced.

The binding can be removed (if unused) or named `_` (if used implicitly).

Note: This linter can be disabled with `set_option linter.unusedVariables false`
warning: Hurst/ActualFirstLongBandEnergy.lean:29:5: Variable name `ha` is not explicitly referenced.

The binding can be removed (if unused) or named `_` (if used implicitly).

Note: This linter can be disabled with `set_option linter.unusedVariables false`
warning: Hurst/ActualFirstLongBandEnergy.lean:29:18: Variable name `hb` is not explicitly referenced.

The binding can be removed (if unused) or named `_` (if used implicitly).

Note: This linter can be disabled with `set_option linter.unusedVariables false`
warning: Hurst/ActualFirstLongBandEnergy.lean:29:31: Variable name `hab` is not explicitly referenced.

The binding can be removed (if unused) or named `_` (if used implicitly).

Note: This linter can be disabled with `set_option linter.unusedVariables false`
warning: Hurst/ActualFirstLongBandEnergy.lean:29:45: Variable name `hM` is not explicitly referenced.

The binding can be removed (if unused) or named `_` (if used implicitly).

Note: This linter can be disabled with `set_option linter.unusedVariables false`
warning: Hurst/ActualFirstLongBandEnergy.lean:31:5: Variable name `hF` is not explicitly referenced.

The binding can be removed (if unused) or named `_` (if used implicitly).

Note: This linter can be disabled with `set_option linter.unusedVariables false`
warning: Hurst/ActualFirstLongBandEnergy.lean:33:5: Variable name `hδpos` is not explicitly referenced.

The binding can be removed (if unused) or named `_` (if used implicitly).

Note: This linter can be disabled with `set_option linter.unusedVariables false`
⚠ [9020/9222] Replayed Hurst.FirstLongRieszEnergy
warning: Hurst/FirstLongRieszEnergy.lean:65:20: 'push_cast' tactic does nothing

Note: This linter can be disabled with `set_option linter.unusedTactic false`
info: Hurst/FirstLongRieszEnergy.lean:204:2: Try this:
  [apply] ring_nf
  
  The `ring` tactic failed to close the goal. Use `ring_nf` to obtain a normal form.
    
  Note that `ring` works primarily in *commutative* rings. If you have a noncommutative ring, abelian group or module, consider using `noncomm_ring`, `abel` or `module` instead.
info: Hurst/FirstLongRieszEnergy.lean:212:2: Try this:
  [apply] ring_nf
  
  The `ring` tactic failed to close the goal. Use `ring_nf` to obtain a normal form.
    
  Note that `ring` works primarily in *commutative* rings. If you have a noncommutative ring, abelian group or module, consider using `noncomm_ring`, `abel` or `module` instead.
info: Hurst/FirstLongRieszEnergy.lean:289:10: Try this:
  [apply] ring_nf
  
  The `ring` tactic failed to close the goal. Use `ring_nf` to obtain a normal form.
    
  Note that `ring` works primarily in *commutative* rings. If you have a noncommutative ring, abelian group or module, consider using `noncomm_ring`, `abel` or `module` instead.
warning: Hurst/FirstLongRieszEnergy.lean:330:32: Used `tac1 <;> tac2` where `(tac1; tac2)` would suffice

Note: This linter can be disabled with `set_option linter.unnecessarySeqFocus false`
⚠ [9030/9222] Replayed Hurst.FiniteGaussianSpectral
warning: Hurst/FiniteGaussianSpectral.lean:132:0: automatically included section variable(s) unused in theorem `Hurst.euclidean_coordinate_eq_basisFun_inner`:
  [DecidableEq ι]
consider restructuring your `variable` declarations so that the variables are not in scope or explicitly omit them:
  omit [DecidableEq ι] in theorem ...

Note: This linter can be disabled with `set_option linter.unusedSectionVars false`
warning: Hurst/FiniteGaussianSpectral.lean:241:0: automatically included section variable(s) unused in theorem `Hurst.hermitian_trace_square_eq_sum_entries_sq`:
  [DecidableEq ι]
consider restructuring your `variable` declarations so that the variables are not in scope or explicitly omit them:
  omit [DecidableEq ι] in theorem ...

Note: This linter can be disabled with `set_option linter.unusedSectionVars false`
⚠ [9033/9222] Replayed Hurst.FeatureQuadraticSpectral
warning: Hurst/FeatureQuadraticSpectral.lean:23:0: automatically included section variable(s) unused in theorem `Hurst.weightedFeatureQuadraticMatrix_isHermitian`:
  [DecidableEq iota]
consider restructuring your `variable` declarations so that the variables are not in scope or explicitly omit them:
  omit [DecidableEq iota] in theorem ...

Note: This linter can be disabled with `set_option linter.unusedSectionVars false`
⚠ [9035/9222] Replayed Hurst.TruncatedRieszCycleBridge
warning: Hurst/TruncatedRieszCycleBridge.lean:57:8: `continuous_finset_prod` has been deprecated: Use `continuous_finsetProd` instead
⚠ [9050/9222] Replayed Hurst.ActualFirstLongCrossStride
warning: Hurst/ActualFirstLongCrossStride.lean:93:12: 'ring' tactic does nothing

Note: This linter can be disabled with `set_option linter.unusedTactic false`
warning: Hurst/ActualFirstLongCrossStride.lean:93:12: this tactic is never executed

Note: This linter can be disabled with `set_option linter.unreachableTactic false`
⚠ [9051/9222] Replayed Hurst.FirstLongTwoStrideKernel
warning: Hurst/FirstLongTwoStrideKernel.lean:91:36: This simp argument is unused:
  one_mul

Hint: Omit it from the simp argument list.
  simp only [hcancel, o̵n̵e̵_̵m̵u̵l̵,̵ ̵mul_one]

Note: This linter can be disabled with `set_option linter.unusedSimpArgs false`
info: Hurst/FirstLongTwoStrideKernel.lean:112:2: Try this:
  [apply] ring_nf
  
  The `ring` tactic failed to close the goal. Use `ring_nf` to obtain a normal form.
    
  Note that `ring` works primarily in *commutative* rings. If you have a noncommutative ring, abelian group or module, consider using `noncomm_ring`, `abel` or `module` instead.
info: Hurst/FirstLongTwoStrideKernel.lean:124:2: Try this:
  [apply] ring_nf
  
  The `ring` tactic failed to close the goal. Use `ring_nf` to obtain a normal form.
    
  Note that `ring` works primarily in *commutative* rings. If you have a noncommutative ring, abelian group or module, consider using `noncomm_ring`, `abel` or `module` instead.
warning: Hurst/FirstLongTwoStrideKernel.lean:122:40: Used `tac1 <;> tac2` where `(tac1; tac2)` would suffice

Note: This linter can be disabled with `set_option linter.unnecessarySeqFocus false`
warning: Hurst/FirstLongTwoStrideKernel.lean:123:42: Used `tac1 <;> tac2` where `(tac1; tac2)` would suffice

Note: This linter can be disabled with `set_option linter.unnecessarySeqFocus false`
info: Hurst/FirstLongTwoStrideKernel.lean:137:2: Try this:
  [apply] ring_nf
  
  The `ring` tactic failed to close the goal. Use `ring_nf` to obtain a normal form.
    
  Note that `ring` works primarily in *commutative* rings. If you have a noncommutative ring, abelian group or module, consider using `noncomm_ring`, `abel` or `module` instead.
warning: Hurst/FirstLongTwoStrideKernel.lean:135:40: Used `tac1 <;> tac2` where `(tac1; tac2)` would suffice

Note: This linter can be disabled with `set_option linter.unnecessarySeqFocus false`
warning: Hurst/FirstLongTwoStrideKernel.lean:136:42: Used `tac1 <;> tac2` where `(tac1; tac2)` would suffice

Note: This linter can be disabled with `set_option linter.unnecessarySeqFocus false`
warning: Hurst/FirstLongTwoStrideKernel.lean:154:4: Used `tac1 <;> tac2` where `(tac1; tac2)` would suffice

Note: This linter can be disabled with `set_option linter.unnecessarySeqFocus false`
info: Hurst/FirstLongTwoStrideKernel.lean:181:59: Try this:
  [apply] ring_nf
  
  The `ring` tactic failed to close the goal. Use `ring_nf` to obtain a normal form.
    
  Note that `ring` works primarily in *commutative* rings. If you have a noncommutative ring, abelian group or module, consider using `noncomm_ring`, `abel` or `module` instead.
warning: Hurst/FirstLongTwoStrideKernel.lean:181:55: Used `tac1 <;> tac2` where `(tac1; tac2)` would suffice

Note: This linter can be disabled with `set_option linter.unnecessarySeqFocus false`
warning: Hurst/FirstLongTwoStrideKernel.lean:254:26: Used `tac1 <;> tac2` where `(tac1; tac2)` would suffice

Note: This linter can be disabled with `set_option linter.unnecessarySeqFocus false`
warning: Hurst/FirstLongTwoStrideKernel.lean:267:26: Used `tac1 <;> tac2` where `(tac1; tac2)` would suffice

Note: This linter can be disabled with `set_option linter.unnecessarySeqFocus false`
info: Hurst/FirstLongTwoStrideKernel.lean:278:2: Try this:
  [apply] ring_nf
  
  The `ring` tactic failed to close the goal. Use `ring_nf` to obtain a normal form.
    
  Note that `ring` works primarily in *commutative* rings. If you have a noncommutative ring, abelian group or module, consider using `noncomm_ring`, `abel` or `module` instead.
info: Hurst/FirstLongTwoStrideKernel.lean:369:6: Try this:
  [apply] ring_nf
  
  The `ring` tactic failed to close the goal. Use `ring_nf` to obtain a normal form.
    
  Note that `ring` works primarily in *commutative* rings. If you have a noncommutative ring, abelian group or module, consider using `noncomm_ring`, `abel` or `module` instead.
info: Hurst/FirstLongTwoStrideKernel.lean:379:6: Try this:
  [apply] ring_nf
  
  The `ring` tactic failed to close the goal. Use `ring_nf` to obtain a normal form.
    
  Note that `ring` works primarily in *commutative* rings. If you have a noncommutative ring, abelian group or module, consider using `noncomm_ring`, `abel` or `module` instead.
info: Hurst/FirstLongTwoStrideKernel.lean:382:6: Try this:
  [apply] ring_nf
  
  The `ring` tactic failed to close the goal. Use `ring_nf` to obtain a normal form.
    
  Note that `ring` works primarily in *commutative* rings. If you have a noncommutative ring, abelian group or module, consider using `noncomm_ring`, `abel` or `module` instead.
info: Hurst/FirstLongTwoStrideKernel.lean:396:6: Try this:
  [apply] ring_nf
  
  The `ring` tactic failed to close the goal. Use `ring_nf` to obtain a normal form.
    
  Note that `ring` works primarily in *commutative* rings. If you have a noncommutative ring, abelian group or module, consider using `noncomm_ring`, `abel` or `module` instead.
info: Hurst/FirstLongTwoStrideKernel.lean:398:6: Try this:
  [apply] ring_nf
  
  The `ring` tactic failed to close the goal. Use `ring_nf` to obtain a normal form.
    
  Note that `ring` works primarily in *commutative* rings. If you have a noncommutative ring, abelian group or module, consider using `noncomm_ring`, `abel` or `module` instead.
warning: Hurst/FirstLongTwoStrideKernel.lean:381:32: This simp argument is unused:
  one_mul

Hint: Omit it from the simp argument list.
  simp only [Real.one_rpow, o̵n̵e̵_̵m̵u̵l̵,̵ ̵mul_one]

Note: This linter can be disabled with `set_option linter.unusedSimpArgs false`
warning: Hurst/FirstLongTwoStrideKernel.lean:410:57: Used `tac1 <;> tac2` where `(tac1; tac2)` would suffice

Note: This linter can be disabled with `set_option linter.unnecessarySeqFocus false`
warning: Hurst/FirstLongTwoStrideKernel.lean:411:55: Used `tac1 <;> tac2` where `(tac1; tac2)` would suffice

Note: This linter can be disabled with `set_option linter.unnecessarySeqFocus false`
warning: Hurst/FirstLongTwoStrideKernel.lean:412:63: Used `tac1 <;> tac2` where `(tac1; tac2)` would suffice

Note: This linter can be disabled with `set_option linter.unnecessarySeqFocus false`
⚠ [9052/9222] Replayed Hurst.ActualFirstLongCrossCorrelation
info: Hurst/ActualFirstLongCrossCorrelation.lean:212:28: Try this:
  [apply] ring_nf
  
  The `ring` tactic failed to close the goal. Use `ring_nf` to obtain a normal form.
    
  Note that `ring` works primarily in *commutative* rings. If you have a noncommutative ring, abelian group or module, consider using `noncomm_ring`, `abel` or `module` instead.
warning: Hurst/ActualFirstLongCrossCorrelation.lean:212:24: Used `tac1 <;> tac2` where `(tac1; tac2)` would suffice

Note: This linter can be disabled with `set_option linter.unnecessarySeqFocus false`
⚠ [9053/9222] Replayed Hurst.ActualFirstLongCrossHilbertSchmidt
warning: Hurst/ActualFirstLongCrossHilbertSchmidt.lean:60:5: Variable name `hδpos` is not explicitly referenced.

The binding can be removed (if unused) or named `_` (if used implicitly).

Note: This linter can be disabled with `set_option linter.unusedVariables false`
warning: Hurst/ActualFirstLongCrossHilbertSchmidt.lean:89:15: Variable name `hd0` is not explicitly referenced.

The binding can be removed (if unused) or named `_` (if used implicitly).

Note: This linter can be disabled with `set_option linter.unusedVariables false`
warning: Hurst/ActualFirstLongCrossHilbertSchmidt.lean:89:29: Variable name `he0` is not explicitly referenced.

The binding can be removed (if unused) or named `_` (if used implicitly).

Note: This linter can be disabled with `set_option linter.unusedVariables false`
⚠ [9064/9222] Replayed Hurst.EdgeComparison
warning: Hurst/EdgeComparison.lean:219:22: This simp argument is unused:
  Finset.mem_filter

Hint: Omit it from the simp argument list.
  simp only [hsdef, Finset.mem_f̵i̵l̵t̵e̵r̵,̵ ̵F̵i̵n̵s̵e̵t̵.̵m̵e̵m̵_̵univ, true_and] at ha hb

Note: This linter can be disabled with `set_option linter.unusedSimpArgs false`
warning: Hurst/EdgeComparison.lean:219:41: This simp argument is unused:
  Finset.mem_univ

Hint: Omit it from the simp argument list.
  simp only [hsdef, Finset.mem_filter, F̵i̵n̵s̵e̵t̵.̵m̵e̵m̵_̵u̵n̵i̵v̵,̵ ̵true_and] at ha hb

Note: This linter can be disabled with `set_option linter.unusedSimpArgs false`
warning: Hurst/EdgeComparison.lean:219:58: This simp argument is unused:
  true_and

Hint: Omit it from the simp argument list.
  simp only [hsdef, Finset.mem_filter, Finset.mem_univ,̵ ̵t̵r̵u̵e̵_̵a̵n̵d̵] at ha hb

Note: This linter can be disabled with `set_option linter.unusedSimpArgs false`
⚠ [9071/9222] Replayed Hurst.TwoFactorShiftBound
warning: Hurst/TwoFactorShiftBound.lean:99:35: Variable name `hc0` is not explicitly referenced.

The binding can be removed (if unused) or named `_` (if used implicitly).

Note: This linter can be disabled with `set_option linter.unusedVariables false`
warning: Hurst/TwoFactorShiftBound.lean:110:38: Variable name `hc0` is not explicitly referenced.

The binding can be removed (if unused) or named `_` (if used implicitly).

Note: This linter can be disabled with `set_option linter.unusedVariables false`
⚠ [9072/9222] Replayed Hurst.DominatorIntegrability
warning: Hurst/DominatorIntegrability.lean:53:9: Variable name `x` is not explicitly referenced.

The binding can be removed (if unused) or named `_` (if used implicitly).

Note: This linter can be disabled with `set_option linter.unusedVariables false`
warning: Hurst/DominatorIntegrability.lean:60:13: try 'simp' instead of 'simpa'

Note: This linter can be disabled with `set_option linter.unnecessarySimpa false`
warning: Hurst/DominatorIntegrability.lean:71:13: try 'simp' instead of 'simpa'

Note: This linter can be disabled with `set_option linter.unnecessarySimpa false`
warning: Hurst/DominatorIntegrability.lean:181:31: This simp argument is unused:
  min_eq_left (by norm_num : (-2 : ℝ) ≤ 2)

Hint: Omit it from the simp argument list.
  simp only [Set.mem_uIoc, mi̵n̵_̵e̵q̵_̵l̵e̵f̵t̵ ̵(̵b̵y̵ ̵n̵o̵r̵m̵_̵n̵u̵m̵ ̵:̵ ̵(̵-̵2̵ ̵:̵ ̵ℝ̵)̵ ̵≤̵ ̵2̵)̵,̵
  ̵ ̵ ̵ ̵ ̵ ̵ ̵ ̵ ̵m̵ax_eq_right (by norm_num : (-2 : ℝ) ≤ 2)]

Note: This linter can be disabled with `set_option linter.unusedSimpArgs false`
warning: Hurst/DominatorIntegrability.lean:182:8: This simp argument is unused:
  max_eq_right (by norm_num : (-2 : ℝ) ≤ 2)

Hint: Omit it from the simp argument list.
  simp only [Set.mem_uIoc, min_eq_left (by norm_num : (-2 : ℝ) ≤ 2),̵
  ̵ ̵ ̵ ̵ ̵ ̵ ̵ ̵ ̵m̵a̵x̵_̵e̵q̵_̵r̵i̵g̵h̵t̵ ̵(̵b̵y̵ ̵n̵o̵r̵m̵_̵n̵u̵m̵ ̵:̵ ̵(̵-̵2̵ ̵:̵ ̵ℝ̵)̵ ̵≤̵ ̵2̵)̵]

Note: This linter can be disabled with `set_option linter.unusedSimpArgs false`
warning: Hurst/DominatorIntegrability.lean:221:5: Variable name `hνpos` is not explicitly referenced.

The binding can be removed (if unused) or named `_` (if used implicitly).

Note: This linter can be disabled with `set_option linter.unusedVariables false`
warning: Hurst/DominatorIntegrability.lean:262:5: Variable name `hνpos` is not explicitly referenced.

The binding can be removed (if unused) or named `_` (if used implicitly).

Note: This linter can be disabled with `set_option linter.unusedVariables false`
warning: Hurst/DominatorIntegrability.lean:517:15: This simp argument is unused:
  hcyc0

Hint: Omit it from the simp argument list.
  simp only [hc̵y̵c̵0̵,̵ ̵h̵last, hmid, hu0, hu]

Note: This linter can be disabled with `set_option linter.unusedSimpArgs false`
info: Hurst/DominatorIntegrability.lean:643:0: @ENNReal.ofReal_mul : ∀ {p q : ℝ}, 0 ≤ p → ENNReal.ofReal (p * q) = ENNReal.ofReal p * ENNReal.ofReal q
info: Hurst/DominatorIntegrability.lean:644:0: @ENNReal.ofReal_le_ofReal : ∀ {p q : ℝ}, p ≤ q → ENNReal.ofReal p ≤ ENNReal.ofReal q
info: Hurst/DominatorIntegrability.lean:645:0: @ENNReal.ofReal_ne_top : ∀ {r : ℝ}, ENNReal.ofReal r ≠ ∞
info: Hurst/DominatorIntegrability.lean:646:0: @indicator_nonneg : ∀ {α : Type u_1} {M : Type u_2} [inst : Preorder M] [inst_1 : Zero M] {s : Set α} {f : α → M},
  (∀ a ∈ s, 0 ≤ f a) → ∀ (a : α), 0 ≤ s.indicator f a
info: Hurst/DominatorIntegrability.lean:647:0: @mul_le_mul_of_nonneg_right : ∀ {α : Type u_1} [inst : Mul α] [inst_1 : Zero α] [inst_2 : Preorder α] {a b c : α}
  [MulPosMono α], b ≤ c → 0 ≤ a → b * a ≤ c * a
info: Hurst/DominatorIntegrability.lean:648:0: @intervalIntegral.intervalIntegrable_rpow' : ∀ {a b r : ℝ}, -1 < r → IntervalIntegrable (fun x => x ^ r) volume a b
info: Hurst/DominatorIntegrability.lean:649:0: @intervalIntegrable_iff : ∀ {ε : Type u_1} [inst : TopologicalSpace ε] [inst_1 : ENormedAddMonoid ε]
  [TopologicalSpace.PseudoMetrizableSpace ε] {f : ℝ → ε} {a b : ℝ} {μ : Measure ℝ},
  IntervalIntegrable f μ a b ↔ IntegrableOn f (uIoc a b) μ
info: Hurst/DominatorIntegrability.lean:650:0: @Measurable.eval : ∀ {α : Type u_1} {δ : Type u_2} {X : δ → Type u_3} [inst : MeasurableSpace α]
  [inst_1 : (a : δ) → MeasurableSpace (X a)] {a : δ} {g : α → (a : δ) → X a}, Measurable g → Measurable fun x => g x a
info: Hurst/DominatorIntegrability.lean:651:0: @Fin.insertNth_zero' : ∀ {n : ℕ} {β : Sort u_1} (x : β) (p : Fin n → β), Fin.insertNth 0 x p = Fin.cons x p
info: Hurst/DominatorIntegrability.lean:652:0: @Fin.prod_univ_castSucc : ∀ {M : Type u_1} [inst : CommMonoid M] {n : ℕ} (f : Fin (n + 1) → M),
  ∏ i, f i = (∏ i, f i.castSucc) * f (Fin.last n)
info: Hurst/DominatorIntegrability.lean:653:0: @hasFiniteIntegral_iff_ofReal : ∀ {α : Type u_1} {m : MeasurableSpace α} {μ : Measure α} {f : α → ℝ},
  0 ≤ᵐ[μ] f → (HasFiniteIntegral f μ ↔ ∫⁻ (a : α), ENNReal.ofReal (f a) ∂μ < ∞)
info: Hurst/DominatorIntegrability.lean:654:0: @Real.volume_Icc : ∀ {a b : ℝ}, volume (Icc a b) = ENNReal.ofReal (b - a)
info: Hurst/DominatorIntegrability.lean:655:0: @Integrable.mono' : ∀ {α : Type u_1} {β : Type u_2} {m : MeasurableSpace α} {μ : Measure α}
  [inst : NormedAddCommGroup β] {f : α → β} {g : α → ℝ},
  Integrable g μ → AEStronglyMeasurable f μ → (∀ᵐ (a : α) ∂μ, ‖f a‖ ≤ g a) → Integrable f μ
info: Hurst/DominatorIntegrability.lean:656:0: @ofReal_integral_eq_lintegral_ofReal : ∀ {α : Type u_1} {m : MeasurableSpace α} {μ : Measure α} {f : α → ℝ},
  Integrable f μ → 0 ≤ᵐ[μ] f → ENNReal.ofReal (∫ (x : α), f x ∂μ) = ∫⁻ (x : α), ENNReal.ofReal (f x) ∂μ
info: Hurst/DominatorIntegrability.lean:657:0: @Measurable.ite : ∀ {α : Type u_1} {β : Type u_2} {f g : α → β} {m : MeasurableSpace α} {mβ : MeasurableSpace β}
  {p : α → Prop} {x : DecidablePred p},
  MeasurableSet {a | p a} → Measurable f → Measurable g → Measurable fun x_1 => if p x_1 then f x_1 else g x_1
info: Hurst/DominatorIntegrability.lean:658:0: @measurePreserving_piFinSuccAbove : ∀ {n : ℕ} {α : Fin (n + 1) → Type u_1}
  {m : (i : Fin (n + 1)) → MeasurableSpace (α i)} (μ : (i : Fin (n + 1)) → Measure (α i))
  [∀ (i : Fin (n + 1)), SigmaFinite (μ i)] (i : Fin (n + 1)),
  MeasurePreserving (⇑(MeasurableEquiv.piFinSuccAbove α i)) (Measure.pi μ)
    ((μ i).prod (Measure.pi fun j => μ (i.succAbove j)))
info: Hurst/DominatorIntegrability.lean:659:0: @lintegral_prod_symm' : ∀ {α : Type u_1} {β : Type u_2} [inst : MeasurableSpace α] [inst_1 : MeasurableSpace β]
  {μ : Measure α} {ν : Measure β} [SFinite ν] [SFinite μ] (f : α × β → ℝ≥0∞),
  Measurable f → ∫⁻ (z : α × β), f z ∂μ.prod ν = ∫⁻ (y : β), ∫⁻ (x : α), f (x, y) ∂μ ∂ν
info: Hurst/DominatorIntegrability.lean:660:0: @lintegral_const_mul : ∀ {α : Type u_1} {m : MeasurableSpace α} {μ : Measure α} (r : ℝ≥0∞) {f : α → ℝ≥0∞},
  Measurable f → ∫⁻ (a : α), r * f a ∂μ = r * ∫⁻ (a : α), f a ∂μ
info: Hurst/DominatorIntegrability.lean:661:0: @lintegral_const_mul' : ∀ {α : Type u_1} {m : MeasurableSpace α} {μ : Measure α} (r : ℝ≥0∞) (f : α → ℝ≥0∞),
  r ≠ ∞ → ∫⁻ (a : α), r * f a ∂μ = r * ∫⁻ (a : α), f a ∂μ
info: Hurst/DominatorIntegrability.lean:662:0: @mem_uIoc : ∀ {α : Type u_1} [inst : LinearOrder α] {a b c : α}, a ∈ uIoc b c ↔ b < a ∧ a ≤ c ∨ c < a ∧ a ≤ b
info: Hurst/DominatorIntegrability.lean:663:0: @Real.nnnorm_of_nonneg : ∀ {r : ℝ} (hr : 0 ≤ r), ‖r‖₊ = NNReal.mk r hr
info: Hurst/DominatorIntegrability.lean:664:0: @ENNReal.coe_toNNReal : ∀ {a : ℝ≥0∞}, a ≠ ∞ → ↑a.toNNReal = a
info: Hurst/DominatorIntegrability.lean:665:0: @integrable_indicator_iff : ∀ {α : Type u_1} {ε' : Type u_2} {mα : MeasurableSpace α} {s : Set α} {μ : Measure α}
  [inst : TopologicalSpace ε'] [inst_1 : ESeminormedAddMonoid ε'] {f : α → ε'},
  MeasurableSet s → (Integrable (s.indicator f) μ ↔ IntegrableOn f s μ)
info: Hurst/DominatorIntegrability.lean:666:0: @Measurable.indicator : ∀ {α : Type u_1} {β : Type u_2} {s : Set α} {f : α → β} {m : MeasurableSpace α}
  {mβ : MeasurableSpace β} [inst : Zero β], Measurable f → MeasurableSet s → Measurable (s.indicator f)
⚠ [9076/9222] Replayed Hurst.PeelingSubtraction
warning: Hurst/PeelingSubtraction.lean:156:17: Variable name `hm` is not explicitly referenced.

The binding can be removed (if unused) or named `_` (if used implicitly).

Note: This linter can be disabled with `set_option linter.unusedVariables false`
⚠ [9079/9222] Replayed Hurst.PeelingInduction
warning: Hurst/PeelingInduction.lean:37:17: Variable name `hm` is not explicitly referenced.

The binding can be removed (if unused) or named `_` (if used implicitly).

Note: This linter can be disabled with `set_option linter.unusedVariables false`
⚠ [9081/9222] Replayed Hurst.EventualNondegenerate
warning: Hurst/EventualNondegenerate.lean:116:0: automatically included section variable(s) unused in theorem `Hurst.weightedFeatureQuadraticMatrix_zeroWeight_row`:
  [DecidableEq iota]
consider restructuring your `variable` declarations so that the variables are not in scope or explicitly omit them:
  omit [DecidableEq iota] in theorem ...

Note: This linter can be disabled with `set_option linter.unusedSectionVars false`
warning: Hurst/EventualNondegenerate.lean:174:0: automatically included section variable(s) unused in theorem `Hurst.safePaddedVector_eq`:
  [Fintype iota]
  [DecidableEq iota]
  [NormedAddCommGroup E]
  [InnerProductSpace ℝ E]
consider restructuring your `variable` declarations so that the variables are not in scope or explicitly omit them:
  omit [Fintype iota] [DecidableEq iota] [NormedAddCommGroup E] [InnerProductSpace ℝ E] in theorem ...

Note: This linter can be disabled with `set_option linter.unusedSectionVars false`
warning: Hurst/EventualNondegenerate.lean:180:0: automatically included section variable(s) unused in theorem `Hurst.safePaddedCoefficients_eq`:
  [Fintype iota]
consider restructuring your `variable` declarations so that the variables are not in scope or explicitly omit them:
  omit [Fintype iota] in theorem ...

Note: This linter can be disabled with `set_option linter.unusedSectionVars false`
warning: Hurst/EventualNondegenerate.lean:184:0: automatically included section variable(s) unused in theorem `Hurst.safePaddedVector_lt`:
  [Fintype iota]
  [DecidableEq iota]
  [NormedAddCommGroup E]
  [InnerProductSpace ℝ E]
consider restructuring your `variable` declarations so that the variables are not in scope or explicitly omit them:
  omit [Fintype iota] [DecidableEq iota] [NormedAddCommGroup E] [InnerProductSpace ℝ E] in theorem ...

Note: This linter can be disabled with `set_option linter.unusedSectionVars false`
warning: Hurst/EventualNondegenerate.lean:192:0: automatically included section variable(s) unused in theorem `Hurst.safePaddedCoefficients_lt`:
  [Fintype iota]
consider restructuring your `variable` declarations so that the variables are not in scope or explicitly omit them:
  omit [Fintype iota] in theorem ...

Note: This linter can be disabled with `set_option linter.unusedSectionVars false`
warning: Hurst/EventualNondegenerate.lean:203:5: Variable name `w` is not explicitly referenced.

The binding can be removed (if unused) or named `_` (if used implicitly).

Note: This linter can be disabled with `set_option linter.unusedVariables false`
⚠ [9082/9222] Replayed Hurst.FixedCutoffReindexAssembly
warning: Hurst/FixedCutoffReindexAssembly.lean:42:23: This simp argument is unused:
  Finset.sum_ite_eq'

Hint: Omit it from the simp argument list.
  simp [Pi.basisFun_apply, Pi.single_apply, mul_ite, mul_one, mul_zero, F̵i̵n̵s̵e̵t̵.̵s̵u̵m̵_̵i̵t̵e̵_̵e̵q̵,̵ ̵F̵i̵n̵s̵e̵t̵.̵s̵u̵m̵_̵i̵t̵e̵_̵e̵q̵'̵]̵F̲i̲n̲s̲e̲t̲.̲s̲u̲m̲_̲i̲t̲e̲_̲e̲q̲]̲

Note: This linter can be disabled with `set_option linter.unusedSimpArgs false`
⚠ [9085/9222] Replayed Hurst.MaxExtractionLower
warning: Hurst/MaxExtractionLower.lean:58:2: `push_neg` has been deprecated. Prefer using `push Not` instead.
If you'd rather continue using `push_neg` in your project, you can implement it as follows:
```
open Lean.Parser.Tactic in
macro "push_neg" cfg:optConfig loc:(location)? : tactic =>
  `(tactic| push $cfg:optConfig Not $[$loc]?)
```
warning: Hurst/MaxExtractionLower.lean:37:5: Variable name `hm` is not explicitly referenced.

The binding can be removed (if unused) or named `_` (if used implicitly).

Note: This linter can be disabled with `set_option linter.unusedVariables false`
⚠ [9090/9222] Replayed Hurst.HSOperatorFoundation
warning: Hurst/HSOperatorFoundation.lean:154:62: This simp argument is unused:
  abs_mul

Hint: Omit it from the simp argument list.
  simp [Real.norm_eq_abs,̵ ̵a̵b̵s̵_̵m̵u̵l̵]

Note: This linter can be disabled with `set_option linter.unusedSimpArgs false`
warning: Hurst/HSOperatorFoundation.lean:175:24: This simp argument is unused:
  Real.norm_eq_abs

Hint: Omit it from the simp argument list.
  simp only [̵R̵e̵a̵l̵.̵n̵o̵r̵m̵_̵e̵q̵_̵a̵b̵s̵,̵ ̵a̵b̵s̵_̵m̵u̵l̵,̵[̲a̲b̲s̲_̲m̲u̲l̲,̲ mul_pow, sq_abs]

Note: This linter can be disabled with `set_option linter.unusedSimpArgs false`
warning: Hurst/HSOperatorFoundation.lean:189:15: This simp argument is unused:
  Real.norm_eq_abs

Hint: Omit it from the simp argument list.
  simp only [̵R̵e̵a̵l̵.̵n̵o̵r̵m̵_̵e̵q̵_̵a̵b̵s̵,̵ ̵a̵b̵s̵_̵m̵u̵l̵]̵[̲a̲b̲s̲_̲m̲u̲l̲]̲

Note: This linter can be disabled with `set_option linter.unusedSimpArgs false`
warning: Hurst/HSOperatorFoundation.lean:233:38: Variable name `hK` is not explicitly referenced.

The binding can be removed (if unused) or named `_` (if used implicitly).

Note: This linter can be disabled with `set_option linter.unusedVariables false`
warning: Hurst/HSOperatorFoundation.lean:259:38: Variable name `hK` is not explicitly referenced.

The binding can be removed (if unused) or named `_` (if used implicitly).

Note: This linter can be disabled with `set_option linter.unusedVariables false`
warning: Hurst/HSOperatorFoundation.lean:362:4: `ContinuousLinearMap.add_apply` has been deprecated: Use `_root_.add_apply` instead

Note: The updated constant is in a different namespace. Dot notation may need to be changed (e.g., from `x.add_apply` to `_root_.add_apply x`).
warning: Hurst/HSOperatorFoundation.lean:364:51: Variable name `hK` is not explicitly referenced.

The binding can be removed (if unused) or named `_` (if used implicitly).

Note: This linter can be disabled with `set_option linter.unusedVariables false`
warning: Hurst/HSOperatorFoundation.lean:378:4: `ContinuousLinearMap.smul_apply` has been deprecated: Use `_root_.smul_apply` instead

Note: The updated constant is in a different namespace. Dot notation may need to be changed (e.g., from `x.smul_apply` to `_root_.smul_apply x`).
warning: Hurst/HSOperatorFoundation.lean:392:42: Variable name `hK` is not explicitly referenced.

The binding can be removed (if unused) or named `_` (if used implicitly).

Note: This linter can be disabled with `set_option linter.unusedVariables false`
warning: Hurst/HSOperatorFoundation.lean:401:41: Variable name `hK` is not explicitly referenced.

The binding can be removed (if unused) or named `_` (if used implicitly).

Note: This linter can be disabled with `set_option linter.unusedVariables false`
warning: Hurst/HSOperatorFoundation.lean:448:15: This simp argument is unused:
  Real.norm_eq_abs

Hint: Omit it from the simp argument list.
  simp only [̵R̵e̵a̵l̵.̵n̵o̵r̵m̵_̵e̵q̵_̵a̵b̵s̵,̵ ̵a̵b̵s̵_̵m̵u̵l̵,̵[̲a̲b̲s̲_̲m̲u̲l̲,̲ ktranspose]

Note: This linter can be disabled with `set_option linter.unusedSimpArgs false`
⚠ [9092/9222] Replayed Hurst.HSOperatorLayer3
warning: Hurst/HSOperatorLayer3.lean:78:48: This simp argument is unused:
  abs_mul

Hint: Omit it from the simp argument list.
  simp [Real.norm_eq_abs,̵ ̵a̵b̵s̵_̵m̵u̵l̵]

Note: This linter can be disabled with `set_option linter.unusedSimpArgs false`
warning: Hurst/HSOperatorLayer3.lean:104:64: Variable name `hJsub` is not explicitly referenced.

The binding can be removed (if unused) or named `_` (if used implicitly).

Note: This linter can be disabled with `set_option linter.unusedVariables false`
⚠ [9093/9222] Replayed Hurst.HSKernelMeshApprox
warning: Hurst/HSKernelMeshApprox.lean:281:46: Variable name `hK` is not explicitly referenced.

The binding can be removed (if unused) or named `_` (if used implicitly).

Note: This linter can be disabled with `set_option linter.unusedVariables false`
⚠ [9094/9222] Replayed Hurst.P2SpectrumConstruction
warning: Hurst/P2SpectrumConstruction.lean:97:23: Variable name `psi` is not explicitly referenced.

The binding can be removed (if unused) or named `_` (if used implicitly).

Note: This linter can be disabled with `set_option linter.unusedVariables false`
warning: Hurst/P2SpectrumConstruction.lean:97:27: Variable name `c` is not explicitly referenced.

The binding can be removed (if unused) or named `_` (if used implicitly).

Note: This linter can be disabled with `set_option linter.unusedVariables false`
⚠ [9095/9222] Replayed Hurst.P4GaussianSeriesLaw
warning: Hurst/P4GaussianSeriesLaw.lean:295:6: Variable name `x` is not explicitly referenced.

The binding can be removed (if unused) or named `_` (if used implicitly).

Note: This linter can be disabled with `set_option linter.unusedVariables false`
warning: Hurst/P4GaussianSeriesLaw.lean:472:8: Variable name `m` is not explicitly referenced.

The binding can be removed (if unused) or named `_` (if used implicitly).

Note: This linter can be disabled with `set_option linter.unusedVariables false`
warning: Hurst/P4GaussianSeriesLaw.lean:472:10: Variable name `n` is not explicitly referenced.

The binding can be removed (if unused) or named `_` (if used implicitly).

Note: This linter can be disabled with `set_option linter.unusedVariables false`
⚠ [9096/9222] Replayed Hurst.P6LawIdentification
warning: Hurst/P6LawIdentification.lean:214:13: try 'simp' instead of 'simpa'

Note: This linter can be disabled with `set_option linter.unnecessarySimpa false`
⚠ [9097/9222] Replayed Hurst.NormalizedHermiteEnergy
warning: Hurst/NormalizedHermiteEnergy.lean:32:5: Variable name `hε` is not explicitly referenced.

The binding can be removed (if unused) or named `_` (if used implicitly).

Note: This linter can be disabled with `set_option linter.unusedVariables false`
info: Hurst/NormalizedHermiteEnergy.lean:324:0: 'Hurst.normalized_weighted_fourth_tendsto_zero' depends on axioms: [propext, Classical.choice, Quot.sound]
info: Hurst/NormalizedHermiteEnergy.lean:325:0: 'Hurst.featureGaussian_log_quadratic_error_double_sum' depends on axioms: [propext, Classical.choice, Quot.sound]
info: Hurst/NormalizedHermiteEnergy.lean:326:0: 'Hurst.featureGaussian_log_limit_of_quadratic_limit_double_sum' depends on axioms: [propext,
 Classical.choice,
 Quot.sound]
info: Hurst/NormalizedHermiteEnergy.lean:327:0: 'Hurst.realScaleMeshEnergy_eventually_bounded_of_approximation' depends on axioms: [propext,
 Classical.choice,
 Quot.sound]
info: Hurst/NormalizedHermiteEnergy.lean:328:0: 'Hurst.correlation_le_of_scaled_tail' depends on axioms: [propext, Classical.choice, Quot.sound]
info: Hurst/NormalizedHermiteEnergy.lean:329:0: 'Hurst.scaled_tail_envelope_tendsto_zero' depends on axioms: [propext, Classical.choice, Quot.sound]
⚠ [9101/9222] Replayed Hurst.GeneralKPeel
warning: Hurst/GeneralKPeel.lean:340:32: Variable name `hk` is not explicitly referenced.

The binding can be removed (if unused) or named `_` (if used implicitly).

Note: This linter can be disabled with `set_option linter.unusedVariables false`
ℹ [9107/9222] Replayed Hurst.NormalizedActualEnergy
info: Hurst/NormalizedActualEnergy.lean:112:0: 'Hurst.q1RieszActiveKernel_eventually_energy_le' depends on axioms: [propext, Classical.choice, Quot.sound]
info: Hurst/NormalizedActualEnergy.lean:113:0: 'Hurst.hurstHolder_q1_actual_normalized_energy_eventually_bounded' depends on axioms: [propext,
 Classical.choice,
 Quot.sound]
ℹ [9108/9222] Replayed Hurst.NormalizedActualRemainder
info: Hurst/NormalizedActualRemainder.lean:164:0: 'Hurst.localPolynomialWeights_scaled_eventually_bounded' depends on axioms: [propext, Classical.choice, Quot.sound]
info: Hurst/NormalizedActualRemainder.lean:165:0: 'Hurst.hurstHolder_q1_actual_weighted_fourth_tendsto_zero' depends on axioms: [propext, Classical.choice, Quot.sound]
⚠ [9110/9222] Replayed Hurst.IncrementLogSecondOrder
warning: Hurst/IncrementLogSecondOrder.lean:71:47: Variable name `ht` is not explicitly referenced.

The binding can be removed (if unused) or named `_` (if used implicitly).

Note: This linter can be disabled with `set_option linter.unusedVariables false`
warning: Hurst/IncrementLogSecondOrder.lean:111:35: Variable name `hδ` is not explicitly referenced.

The binding can be removed (if unused) or named `_` (if used implicitly).

Note: This linter can be disabled with `set_option linter.unusedVariables false`
warning: Hurst/IncrementLogSecondOrder.lean:124:39: Variable name `hδ` is not explicitly referenced.

The binding can be removed (if unused) or named `_` (if used implicitly).

Note: This linter can be disabled with `set_option linter.unusedVariables false`
warning: Hurst/IncrementLogSecondOrder.lean:211:5: Variable name `hx` is not explicitly referenced.

The binding can be removed (if unused) or named `_` (if used implicitly).

Note: This linter can be disabled with `set_option linter.unusedVariables false`
warning: Hurst/IncrementLogSecondOrder.lean:444:5: Variable name `hClip0` is not explicitly referenced.

The binding can be removed (if unused) or named `_` (if used implicitly).

Note: This linter can be disabled with `set_option linter.unusedVariables false`
info: Hurst/IncrementLogSecondOrder.lean:629:4: Try this:
  [apply] ring_nf
  
  The `ring` tactic failed to close the goal. Use `ring_nf` to obtain a normal form.
    
  Note that `ring` works primarily in *commutative* rings. If you have a noncommutative ring, abelian group or module, consider using `noncomm_ring`, `abel` or `module` instead.
info: Hurst/IncrementLogSecondOrder.lean:640:4: Try this:
  [apply] ring_nf
  
  The `ring` tactic failed to close the goal. Use `ring_nf` to obtain a normal form.
    
  Note that `ring` works primarily in *commutative* rings. If you have a noncommutative ring, abelian group or module, consider using `noncomm_ring`, `abel` or `module` instead.
info: Hurst/IncrementLogSecondOrder.lean:781:0: 'Hurst.mul_exp_neg_le' depends on axioms: [propext, Classical.choice, Quot.sound]
info: Hurst/IncrementLogSecondOrder.lean:782:0: 'Hurst.exp_sub_one_le' depends on axioms: [propext, Classical.choice, Quot.sound]
info: Hurst/IncrementLogSecondOrder.lean:783:0: 'Hurst.rpow_mul_abs_log_le' depends on axioms: [propext, Classical.choice, Quot.sound]
info: Hurst/IncrementLogSecondOrder.lean:784:0: 'Hurst.one_sub_rpow_le' depends on axioms: [propext, Classical.choice, Quot.sound]
info: Hurst/IncrementLogSecondOrder.lean:785:0: 'Hurst.rpow_neg_sub_one_le' depends on axioms: [propext, Classical.choice, Quot.sound]
info: Hurst/IncrementLogSecondOrder.lean:786:0: 'Hurst.rpow_mismatch_le' depends on axioms: [propext, Classical.choice, Quot.sound]
info: Hurst/IncrementLogSecondOrder.lean:787:0: 'Hurst.abs_sub_le_of_hasDerivAt_le' depends on axioms: [propext, Classical.choice, Quot.sound]
info: Hurst/IncrementLogSecondOrder.lean:788:0: 'Hurst.abs_rpow_pow_sub_le' depends on axioms: [propext, Classical.choice, Quot.sound]
info: Hurst/IncrementLogSecondOrder.lean:789:0: 'Hurst.abs_add_le'' depends on axioms: [propext, Classical.choice, Quot.sound]
info: Hurst/IncrementLogSecondOrder.lean:790:0: 'Hurst.abs_rpow_mixed_sub_le' depends on axioms: [propext, Classical.choice, Quot.sound]
info: Hurst/IncrementLogSecondOrder.lean:791:0: 'Hurst.phi_difference_le' depends on axioms: [propext, Classical.choice, Quot.sound]
info: Hurst/IncrementLogSecondOrder.lean:792:0: 'Hurst.phi_self_le' depends on axioms: [propext, Classical.choice, Quot.sound]
info: Hurst/IncrementLogSecondOrder.lean:793:0: 'Hurst.harmonizableFeature_cross_sub_norm_sq' depends on axioms: [propext, Classical.choice, Quot.sound]
info: Hurst/IncrementLogSecondOrder.lean:794:0: 'Hurst.secondOrder_assembly' depends on axioms: [propext, Classical.choice, Quot.sound]
info: Hurst/IncrementLogSecondOrder.lean:795:0: 'Hurst.varyingIncrement_norm_sq_secondOrder' depends on axioms: [propext, Classical.choice, Quot.sound]
info: Hurst/IncrementLogSecondOrder.lean:796:0: 'Hurst.gridStrideFirstActual_norm_sq_secondOrder' depends on axioms: [propext, Classical.choice, Quot.sound]
⚠ [9112/9222] Replayed Hurst.FrozenLagSummability
warning: Hurst/FrozenLagSummability.lean:61:37: Variable name `hA` is not explicitly referenced.

The binding can be removed (if unused) or named `_` (if used implicitly).

Note: This linter can be disabled with `set_option linter.unusedVariables false`
⚠ [9113/9222] Replayed Hurst.ShortMemoryVariancePositive
warning: Hurst/ShortMemoryVariancePositive.lean:51:4: `push_neg` has been deprecated. Prefer using `push Not` instead.
If you'd rather continue using `push_neg` in your project, you can implement it as follows:
```
open Lean.Parser.Tactic in
macro "push_neg" cfg:optConfig loc:(location)? : tactic =>
  `(tactic| push $cfg:optConfig Not $[$loc]?)
```
⚠ [9123/9222] Replayed Hurst.TruncatedCycleBound
warning: Hurst/TruncatedCycleBound.lean:175:23: Variable name `hpsi2` is not explicitly referenced.

The binding can be removed (if unused) or named `_` (if used implicitly).

Note: This linter can be disabled with `set_option linter.unusedVariables false`
⚠ [9124/9222] Replayed Hurst.MixedTraceBound
warning: Hurst/MixedTraceBound.lean:50:65: Variable name `hB` is not explicitly referenced.

The binding can be removed (if unused) or named `_` (if used implicitly).

Note: This linter can be disabled with `set_option linter.unusedVariables false`
⚠ [9125/9222] Replayed Hurst.BandRemovalAssembly
warning: Hurst/BandRemovalAssembly.lean:122:19: Variable name `hD` is not explicitly referenced.

The binding can be removed (if unused) or named `_` (if used implicitly).

Note: This linter can be disabled with `set_option linter.unusedVariables false`
⚠ [9126/9222] Replayed Hurst.BandRemovalFinal
warning: Hurst/BandRemovalFinal.lean:72:36: This simp argument is unused:
  one_mul

Hint: Omit it from the simp argument list.
  simp only [pow_one, pow_zero,̵ ̵o̵n̵e̵_̵m̵u̵l̵]

Note: This linter can be disabled with `set_option linter.unusedSimpArgs false`
warning: Hurst/BandRemovalFinal.lean:139:29: This simp argument is unused:
  pow_succ'

Hint: Omit it from the simp argument list.
  simp only [pow_succ,̵ ̵p̵o̵w̵_̵s̵u̵c̵c̵'̵]

Note: This linter can be disabled with `set_option linter.unusedSimpArgs false`
warning: Hurst/BandRemovalFinal.lean:325:4: `push_neg` has been deprecated. Prefer using `push Not` instead.
If you'd rather continue using `push_neg` in your project, you can implement it as follows:
```
open Lean.Parser.Tactic in
macro "push_neg" cfg:optConfig loc:(location)? : tactic =>
  `(tactic| push $cfg:optConfig Not $[$loc]?)
```
warning: Hurst/BandRemovalFinal.lean:417:5: Variable name `hmtop` is not explicitly referenced.

The binding can be removed (if unused) or named `_` (if used implicitly).

Note: This linter can be disabled with `set_option linter.unusedVariables false`
warning: Hurst/BandRemovalFinal.lean:418:5: Variable name `hMS` is not explicitly referenced.

The binding can be removed (if unused) or named `_` (if used implicitly).

Note: This linter can be disabled with `set_option linter.unusedVariables false`
⚠ [9127/9222] Replayed Hurst.BandRemovalSharp
warning: Hurst/BandRemovalSharp.lean:167:8: automatically included section variable(s) unused in theorem `_private.Hurst.BandRemovalSharp.0.Hurst.map_wordLetter_ne_nil`:
  [Fintype n]
  [DecidableEq n]
consider restructuring your `variable` declarations so that the variables are not in scope or explicitly omit them:
  omit [Fintype n] [DecidableEq n] in theorem ...

Note: This linter can be disabled with `set_option linter.unusedSectionVars false`
⚠ [9128/9222] Replayed Hurst.BandRemovalComplete
warning: Hurst/BandRemovalComplete.lean:83:4: 'push_cast' tactic does nothing

Note: This linter can be disabled with `set_option linter.unusedTactic false`
warning: Hurst/BandRemovalComplete.lean:91:4: 'push_cast' tactic does nothing

Note: This linter can be disabled with `set_option linter.unusedTactic false`
info: Hurst/BandRemovalComplete.lean:397:8: Try this:
  [apply] ring_nf
  
  The `ring` tactic failed to close the goal. Use `ring_nf` to obtain a normal form.
    
  Note that `ring` works primarily in *commutative* rings. If you have a noncommutative ring, abelian group or module, consider using `noncomm_ring`, `abel` or `module` instead.
warning: Hurst/BandRemovalComplete.lean:402:10: this tactic is never executed

Note: This linter can be disabled with `set_option linter.unreachableTactic false`
warning: Hurst/BandRemovalComplete.lean:403:10: this tactic is never executed

Note: This linter can be disabled with `set_option linter.unreachableTactic false`
warning: Hurst/BandRemovalComplete.lean:402:10: 'exact le_rfl' tactic does nothing

Note: This linter can be disabled with `set_option linter.unusedTactic false`
warning: Hurst/BandRemovalComplete.lean:403:10: 'ring' tactic does nothing

Note: This linter can be disabled with `set_option linter.unusedTactic false`
warning: Hurst/BandRemovalComplete.lean:566:17: This simp argument is unused:
  add_assoc

Hint: Omit it from the simp argument list.
  simp only [add_a̵s̵s̵o̵c,̵ ̵a̵d̵d̵_̵c̵omm, add_left_comm, mul_assoc, mul_comm, mul_left_comm]

Note: This linter can be disabled with `set_option linter.unusedSimpArgs false`
warning: Hurst/BandRemovalComplete.lean:566:28: This simp argument is unused:
  add_comm

Hint: Omit it from the simp argument list.
  simp only [add_assoc, add_c̵o̵m̵m̵,̵ ̵a̵d̵d̵_̵left_comm, mul_assoc, mul_comm, mul_left_comm]

Note: This linter can be disabled with `set_option linter.unusedSimpArgs false`
warning: Hurst/BandRemovalComplete.lean:566:38: This simp argument is unused:
  add_left_comm

Hint: Omit it from the simp argument list.
  simp only [add_assoc, add_comm, a̵d̵d̵_̵l̵e̵f̵t̵_̵c̵o̵m̵m̵,̵ ̵mul_assoc, mul_comm, mul_left_comm]

Note: This linter can be disabled with `set_option linter.unusedSimpArgs false`
warning: Hurst/BandRemovalComplete.lean:566:53: This simp argument is unused:
  mul_assoc

Hint: Omit it from the simp argument list.
  simp only [add_assoc, add_comm, add_left_comm, mul_a̵s̵s̵o̵c,̵ ̵m̵u̵l̵_̵c̵omm, mul_left_comm]

Note: This linter can be disabled with `set_option linter.unusedSimpArgs false`
warning: Hurst/BandRemovalComplete.lean:574:17: This simp argument is unused:
  ← mul_assoc

Hint: Omit it from the simp argument list.
  simp only [←̵ ̵m̵u̵l̵_̵a̵s̵s̵o̵c̵,̵ ̵hudef, mul_assoc]

Note: Simp arguments with `←` have the additional effect of removing the other direction from the simp set, even if the simp argument itself is unused. If the hint above does not work, try replacing `←` with `-` to only get that effect and silence this warning.

Note: This linter can be disabled with `set_option linter.unusedSimpArgs false`
warning: Hurst/BandRemovalComplete.lean:596:13: This simp argument is unused:
  add_assoc

Hint: Omit it from the simp argument list.
  simp only [add_a̵s̵s̵o̵c,̵ ̵a̵d̵d̵_̵c̵omm, add_left_comm, mul_assoc, mul_comm, mul_left_comm]

Note: This linter can be disabled with `set_option linter.unusedSimpArgs false`
warning: Hurst/BandRemovalComplete.lean:596:34: This simp argument is unused:
  add_left_comm

Hint: Omit it from the simp argument list.
  simp only [add_assoc, add_comm, a̵d̵d̵_̵l̵e̵f̵t̵_̵c̵o̵m̵m̵,̵ ̵mul_assoc, mul_comm, mul_left_comm]

Note: This linter can be disabled with `set_option linter.unusedSimpArgs false`
warning: Hurst/BandRemovalComplete.lean:600:6: this tactic is never executed

Note: This linter can be disabled with `set_option linter.unreachableTactic false`
warning: Hurst/BandRemovalComplete.lean:601:6: this tactic is never executed

Note: This linter can be disabled with `set_option linter.unreachableTactic false`
warning: Hurst/BandRemovalComplete.lean:600:6: 'exact le_rfl' tactic does nothing

Note: This linter can be disabled with `set_option linter.unusedTactic false`
warning: Hurst/BandRemovalComplete.lean:601:6: 'ring' tactic does nothing

Note: This linter can be disabled with `set_option linter.unusedTactic false`
⚠ [9132/9222] Replayed Hurst.ActualQuadratureConfluence
warning: Hurst/ActualQuadratureConfluence.lean:97:25: Variable name `f` is not explicitly referenced.

The binding can be removed (if unused) or named `_` (if used implicitly).

Note: This linter can be disabled with `set_option linter.unusedVariables false`
warning: Hurst/ActualQuadratureConfluence.lean:112:17: Variable name `f` is not explicitly referenced.

The binding can be removed (if unused) or named `_` (if used implicitly).

Note: This linter can be disabled with `set_option linter.unusedVariables false`
warning: Hurst/ActualQuadratureConfluence.lean:329:15: This simp argument is unused:
  Pi.sub_apply

Hint: Omit it from the simp argument list.
  simp only [̵P̵i̵.̵s̵u̵b̵_̵a̵p̵p̵l̵y̵,̵ ̵a̵c̵t̵u̵a̵l̵Q̵1̵W̵e̵i̵g̵h̵t̵e̵d̵A̵c̵t̵u̵a̵l̵K̵e̵r̵n̵e̵l̵,̵[̲a̲c̲t̲u̲a̲l̲Q̲1̲W̲e̲i̲g̲h̲t̲e̲d̲A̲c̲t̲u̲a̲l̲K̲e̲r̲n̲e̲l̲,̲ actualQ1WeightedRieszKernel]

Note: This linter can be disabled with `set_option linter.unusedSimpArgs false`
warning: Hurst/ActualQuadratureConfluence.lean:330:6: This simp argument is unused:
  actualQ1WeightedRieszKernel

Hint: Omit it from the simp argument list.
  simp only [Pi.sub_apply, actualQ1WeightedActualKernel,̵
  ̵ ̵ ̵ ̵ ̵ ̵ ̵a̵c̵t̵u̵a̵l̵Q̵1̵W̵e̵i̵g̵h̵t̵e̵d̵R̵i̵e̵s̵z̵K̵e̵r̵n̵e̵l̵]

Note: This linter can be disabled with `set_option linter.unusedSimpArgs false`
warning: Hurst/ActualQuadratureConfluence.lean:761:4: 'congr 1' tactic does nothing

Note: This linter can be disabled with `set_option linter.unusedTactic false`
warning: Hurst/ActualQuadratureConfluence.lean:809:19: Variable name `hlam` is not explicitly referenced.

The binding can be removed (if unused) or named `_` (if used implicitly).

Note: This linter can be disabled with `set_option linter.unusedVariables false`
warning: Hurst/ActualQuadratureConfluence.lean:830:26: Variable name `hkev` is not explicitly referenced.

The binding can be removed (if unused) or named `_` (if used implicitly).

Note: This linter can be disabled with `set_option linter.unusedVariables false`
⚠ [9135/9222] Replayed Hurst.ActualKernelBandAsymptotics
warning: Hurst/ActualKernelBandAsymptotics.lean:114:23: Used `tac1 <;> tac2` where `(tac1; tac2)` would suffice

Note: This linter can be disabled with `set_option linter.unnecessarySeqFocus false`
warning: Hurst/ActualKernelBandAsymptotics.lean:114:37: Used `tac1 <;> tac2` where `(tac1; tac2)` would suffice

Note: This linter can be disabled with `set_option linter.unnecessarySeqFocus false`
⚠ [9137/9222] Replayed Hurst.FrozenQuadratureInstance
warning: Hurst/FrozenQuadratureInstance.lean:427:27: Variable name `hp` is not explicitly referenced.

The binding can be removed (if unused) or named `_` (if used implicitly).

Note: This linter can be disabled with `set_option linter.unusedVariables false`
warning: Hurst/FrozenQuadratureInstance.lean:427:40: Variable name `ha` is not explicitly referenced.

The binding can be removed (if unused) or named `_` (if used implicitly).

Note: This linter can be disabled with `set_option linter.unusedVariables false`
warning: Hurst/FrozenQuadratureInstance.lean:427:66: Variable name `hab` is not explicitly referenced.

The binding can be removed (if unused) or named `_` (if used implicitly).

Note: This linter can be disabled with `set_option linter.unusedVariables false`
warning: Hurst/FrozenQuadratureInstance.lean:428:5: Variable name `hM` is not explicitly referenced.

The binding can be removed (if unused) or named `_` (if used implicitly).

Note: This linter can be disabled with `set_option linter.unusedVariables false`
⚠ [9139/9222] Replayed Hurst.FrozenHsmallMirror
warning: Hurst/FrozenHsmallMirror.lean:254:5: Variable name `hF` is not explicitly referenced.

The binding can be removed (if unused) or named `_` (if used implicitly).

Note: This linter can be disabled with `set_option linter.unusedVariables false`
warning: Hurst/FrozenHsmallMirror.lean:255:13: Variable name `hn` is not explicitly referenced.

The binding can be removed (if unused) or named `_` (if used implicitly).

Note: This linter can be disabled with `set_option linter.unusedVariables false`
warning: Hurst/FrozenHsmallMirror.lean:396:45: Variable name `hm` is not explicitly referenced.

The binding can be removed (if unused) or named `_` (if used implicitly).

Note: This linter can be disabled with `set_option linter.unusedVariables false`
warning: Hurst/FrozenHsmallMirror.lean:508:41: Variable name `ha` is not explicitly referenced.

The binding can be removed (if unused) or named `_` (if used implicitly).

Note: This linter can be disabled with `set_option linter.unusedVariables false`
warning: Hurst/FrozenHsmallMirror.lean:508:54: Variable name `hb` is not explicitly referenced.

The binding can be removed (if unused) or named `_` (if used implicitly).

Note: This linter can be disabled with `set_option linter.unusedVariables false`
warning: Hurst/FrozenHsmallMirror.lean:508:67: Variable name `hab` is not explicitly referenced.

The binding can be removed (if unused) or named `_` (if used implicitly).

Note: This linter can be disabled with `set_option linter.unusedVariables false`
warning: Hurst/FrozenHsmallMirror.lean:510:5: Variable name `hF` is not explicitly referenced.

The binding can be removed (if unused) or named `_` (if used implicitly).

Note: This linter can be disabled with `set_option linter.unusedVariables false`
warning: Hurst/FrozenHsmallMirror.lean:511:13: Variable name `ht` is not explicitly referenced.

The binding can be removed (if unused) or named `_` (if used implicitly).

Note: This linter can be disabled with `set_option linter.unusedVariables false`
warning: Hurst/FrozenHsmallMirror.lean:511:38: Variable name `hlong` is not explicitly referenced.

The binding can be removed (if unused) or named `_` (if used implicitly).

Note: This linter can be disabled with `set_option linter.unusedVariables false`
warning: Hurst/FrozenHsmallMirror.lean:512:17: Variable name `hδpos` is not explicitly referenced.

The binding can be removed (if unused) or named `_` (if used implicitly).

Note: This linter can be disabled with `set_option linter.unusedVariables false`
warning: Hurst/FrozenHsmallMirror.lean:513:5: Variable name `hδ0` is not explicitly referenced.

The binding can be removed (if unused) or named `_` (if used implicitly).

Note: This linter can be disabled with `set_option linter.unusedVariables false`
warning: Hurst/FrozenHsmallMirror.lean:514:5: Variable name `hN` is not explicitly referenced.

The binding can be removed (if unused) or named `_` (if used implicitly).

Note: This linter can be disabled with `set_option linter.unusedVariables false`
warning: Hurst/FrozenHsmallMirror.lean:515:13: Variable name `hk` is not explicitly referenced.

The binding can be removed (if unused) or named `_` (if used implicitly).

Note: This linter can be disabled with `set_option linter.unusedVariables false`
⚠ [9140/9222] Replayed Hurst.FrozenQuadratureFinal
warning: Hurst/FrozenQuadratureFinal.lean:149:14: This simp argument is unused:
  one_mul

Hint: Omit it from the simp argument list.
  simp only [sub_self, abs_zero, Real.exp_zero, zero_mul, mul_zero, add_zero,
  ̵  ̵ ̵ ̵zero_add,
  ̲ o̵n̵e̵_̵m̵u̵l̵,̵  ̲ ̲mul_one] at hraw'

Note: This linter can be disabled with `set_option linter.unusedSimpArgs false`
warning: Hurst/FrozenQuadratureFinal.lean:366:31: Variable name `hf` is not explicitly referenced.

The binding can be removed (if unused) or named `_` (if used implicitly).

Note: This linter can be disabled with `set_option linter.unusedVariables false`
⚠ [9143/9222] Replayed Hurst.FrozenPertEnergyDischarge
warning: Hurst/FrozenPertEnergyDischarge.lean:111:5: Variable name `hc0` is not explicitly referenced.

The binding can be removed (if unused) or named `_` (if used implicitly).

Note: This linter can be disabled with `set_option linter.unusedVariables false`
warning: Hurst/FrozenPertEnergyDischarge.lean:111:19: Variable name `hg0` is not explicitly referenced.

The binding can be removed (if unused) or named `_` (if used implicitly).

Note: This linter can be disabled with `set_option linter.unusedVariables false`
warning: Hurst/FrozenPertEnergyDischarge.lean:111:33: Variable name `hE0` is not explicitly referenced.

The binding can be removed (if unused) or named `_` (if used implicitly).

Note: This linter can be disabled with `set_option linter.unusedVariables false`
⚠ [9144/9222] Replayed Hurst.ActualSecondChaosComplete
warning: Hurst/ActualSecondChaosComplete.lean:95:38: Variable name `hγ0` is not explicitly referenced.

The binding can be removed (if unused) or named `_` (if used implicitly).

Note: This linter can be disabled with `set_option linter.unusedVariables false`
warning: Hurst/ActualSecondChaosComplete.lean:152:19: Variable name `hγ1` is not explicitly referenced.

The binding can be removed (if unused) or named `_` (if used implicitly).

Note: This linter can be disabled with `set_option linter.unusedVariables false`
warning: Hurst/ActualSecondChaosComplete.lean:456:5: Variable name `hγgrid` is not explicitly referenced.

The binding can be removed (if unused) or named `_` (if used implicitly).

Note: This linter can be disabled with `set_option linter.unusedVariables false`
⚠ [9148/9222] Replayed Hurst.P3SignedMatching
warning: Hurst/P3SignedMatching.lean:275:14: Variable name `h` is not explicitly referenced.

The binding can be removed (if unused) or named `_` (if used implicitly).

Note: This linter can be disabled with `set_option linter.unusedVariables false`
warning: Hurst/P3SignedMatching.lean:354:37: This simp argument is unused:
  h1

Hint: Omit it from the simp argument list.
  simp [signedInterleavedRow, h,̵ ̵h̵1̵]

Note: This linter can be disabled with `set_option linter.unusedSimpArgs false`
warning: Hurst/P3SignedMatching.lean:356:37: This simp argument is unused:
  h0

Hint: Omit it from the simp argument list.
  simp [signedInterleavedRow, h, h̵0̵,̵ ̵neg_sq]

Note: This linter can be disabled with `set_option linter.unusedSimpArgs false`
warning: Hurst/P3SignedMatching.lean:356:41: This simp argument is unused:
  neg_sq

Hint: Omit it from the simp argument list.
  simp [signedInterleavedRow, h, h0,̵ ̵n̵e̵g̵_̵s̵q̵]

Note: This linter can be disabled with `set_option linter.unusedSimpArgs false`
⚠ [9150/9222] Replayed Hurst.P5LogHLayers
warning: Hurst/P5LogHLayers.lean:264:5: Variable name `ht` is not explicitly referenced.

The binding can be removed (if unused) or named `_` (if used implicitly).

Note: This linter can be disabled with `set_option linter.unusedVariables false`
⚠ [9153/9222] Replayed Hurst.P5TruthCenter
warning: Hurst/P5TruthCenter.lean:157:36: Variable name `hψpos` is not explicitly referenced.

The binding can be removed (if unused) or named `_` (if used implicitly).

Note: This linter can be disabled with `set_option linter.unusedVariables false`
warning: Hurst/P5TruthCenter.lean:219:5: Variable name `hlong` is not explicitly referenced.

The binding can be removed (if unused) or named `_` (if used implicitly).

Note: This linter can be disabled with `set_option linter.unusedVariables false`
⚠ [9155/9222] Replayed Hurst.P7UnknownScale
warning: Hurst/P7UnknownScale.lean:332:37: Variable name `hσ` is not explicitly referenced.

The binding can be removed (if unused) or named `_` (if used implicitly).

Note: This linter can be disabled with `set_option linter.unusedVariables false`
warning: Hurst/P7UnknownScale.lean:333:7: Variable name `s` is not explicitly referenced.

The binding can be removed (if unused) or named `_` (if used implicitly).

Note: This linter can be disabled with `set_option linter.unusedVariables false`
warning: Hurst/P7UnknownScale.lean:500:19: Variable name `hb` is not explicitly referenced.

The binding can be removed (if unused) or named `_` (if used implicitly).

Note: This linter can be disabled with `set_option linter.unusedVariables false`
warning: Hurst/P7UnknownScale.lean:500:32: Variable name `hC` is not explicitly referenced.

The binding can be removed (if unused) or named `_` (if used implicitly).

Note: This linter can be disabled with `set_option linter.unusedVariables false`
warning: Hurst/P7UnknownScale.lean:543:42: Variable name `hγ1` is not explicitly referenced.

The binding can be removed (if unused) or named `_` (if used implicitly).

Note: This linter can be disabled with `set_option linter.unusedVariables false`
warning: Hurst/P7UnknownScale.lean:575:5: Variable name `h34` is not explicitly referenced.

The binding can be removed (if unused) or named `_` (if used implicitly).

Note: This linter can be disabled with `set_option linter.unusedVariables false`
⚠ [9158/9222] Replayed Hurst.RieszCompactEnumeration
warning: Hurst/RieszCompactEnumeration.lean:99:5: Variable name `hconst` is not explicitly referenced.

The binding can be removed (if unused) or named `_` (if used implicitly).

Note: This linter can be disabled with `set_option linter.unusedVariables false`
warning: Hurst/RieszCompactEnumeration.lean:202:5: Variable name `hconst` is not explicitly referenced.

The binding can be removed (if unused) or named `_` (if used implicitly).

Note: This linter can be disabled with `set_option linter.unusedVariables false`
⚠ [9167/9222] Replayed Hurst.E5BiasEnvelope
info: Hurst/E5BiasEnvelope.lean:197:4: Try this:
  [apply] ring_nf
  
  The `ring` tactic failed to close the goal. Use `ring_nf` to obtain a normal form.
    
  Note that `ring` works primarily in *commutative* rings. If you have a noncommutative ring, abelian group or module, consider using `noncomm_ring`, `abel` or `module` instead.
warning: Hurst/E5BiasEnvelope.lean:181:54: Variable name `hb` is not explicitly referenced.

The binding can be removed (if unused) or named `_` (if used implicitly).

Note: This linter can be disabled with `set_option linter.unusedVariables false`
warning: Hurst/E5BiasEnvelope.lean:182:5: Variable name `hγpos` is not explicitly referenced.

The binding can be removed (if unused) or named `_` (if used implicitly).

Note: This linter can be disabled with `set_option linter.unusedVariables false`
⚠ [9168/9222] Replayed Hurst.P7RowBound
warning: Hurst/P7RowBound.lean:167:25: Variable name `hb` is not explicitly referenced.

The binding can be removed (if unused) or named `_` (if used implicitly).

Note: This linter can be disabled with `set_option linter.unusedVariables false`
⚠ [9173/9222] Replayed Hurst.ChainIntegrabilityDischarge
warning: Hurst/ChainIntegrabilityDischarge.lean:84:53: Variable name `hβ` is not explicitly referenced.

The binding can be removed (if unused) or named `_` (if used implicitly).

Note: This linter can be disabled with `set_option linter.unusedVariables false`
warning: Hurst/ChainIntegrabilityDischarge.lean:97:55: This simp argument is unused:
  Prod.mk.injEq

Hint: Omit it from the simp argument list.
  simp only [Set.mem_preimage, Set.mem_setOf_eq,̵ ̵P̵r̵o̵d̵.̵m̵k̵.̵i̵n̵j̵E̵q̵] at hy

Note: This linter can be disabled with `set_option linter.unusedSimpArgs false`
warning: Hurst/ChainIntegrabilityDischarge.lean:99:45: This simp argument is unused:
  Real.volume_singleton

Hint: Omit it from the simp argument list.
  simp ̵[̵R̵e̵a̵l̵.̵v̵o̵l̵u̵m̵e̵_̵s̵i̵n̵g̵l̵e̵t̵o̵n̵]̵

Note: This linter can be disabled with `set_option linter.unusedSimpArgs false`
⚠ [9174/9222] Replayed Hurst.FrozenWordAssembly
warning: Hurst/FrozenWordAssembly.lean:414:19: Variable name `hp` is not explicitly referenced.

The binding can be removed (if unused) or named `_` (if used implicitly).

Note: This linter can be disabled with `set_option linter.unusedVariables false`
warning: Hurst/FrozenWordAssembly.lean:414:58: Variable name `hab` is not explicitly referenced.

The binding can be removed (if unused) or named `_` (if used implicitly).

Note: This linter can be disabled with `set_option linter.unusedVariables false`
warning: Hurst/FrozenWordAssembly.lean:414:72: Variable name `hM` is not explicitly referenced.

The binding can be removed (if unused) or named `_` (if used implicitly).

Note: This linter can be disabled with `set_option linter.unusedVariables false`
warning: Hurst/FrozenWordAssembly.lean:418:30: Variable name `t'` is not explicitly referenced.

The binding can be removed (if unused) or named `_` (if used implicitly).

Note: This linter can be disabled with `set_option linter.unusedVariables false`
warning: Hurst/FrozenWordAssembly.lean:635:27: Variable name `hp` is not explicitly referenced.

The binding can be removed (if unused) or named `_` (if used implicitly).

Note: This linter can be disabled with `set_option linter.unusedVariables false`
warning: Hurst/FrozenWordAssembly.lean:635:40: Variable name `ha` is not explicitly referenced.

The binding can be removed (if unused) or named `_` (if used implicitly).

Note: This linter can be disabled with `set_option linter.unusedVariables false`
warning: Hurst/FrozenWordAssembly.lean:635:53: Variable name `hb` is not explicitly referenced.

The binding can be removed (if unused) or named `_` (if used implicitly).

Note: This linter can be disabled with `set_option linter.unusedVariables false`
warning: Hurst/FrozenWordAssembly.lean:635:66: Variable name `hab` is not explicitly referenced.

The binding can be removed (if unused) or named `_` (if used implicitly).

Note: This linter can be disabled with `set_option linter.unusedVariables false`
warning: Hurst/FrozenWordAssembly.lean:636:5: Variable name `hM` is not explicitly referenced.

The binding can be removed (if unused) or named `_` (if used implicitly).

Note: This linter can be disabled with `set_option linter.unusedVariables false`
warning: Hurst/FrozenWordAssembly.lean:637:5: Variable name `hF` is not explicitly referenced.

The binding can be removed (if unused) or named `_` (if used implicitly).

Note: This linter can be disabled with `set_option linter.unusedVariables false`
warning: Hurst/FrozenWordAssembly.lean:638:13: Variable name `ht` is not explicitly referenced.

The binding can be removed (if unused) or named `_` (if used implicitly).

Note: This linter can be disabled with `set_option linter.unusedVariables false`
warning: Hurst/FrozenWordAssembly.lean:638:38: Variable name `hlong` is not explicitly referenced.

The binding can be removed (if unused) or named `_` (if used implicitly).

Note: This linter can be disabled with `set_option linter.unusedVariables false`
warning: Hurst/FrozenWordAssembly.lean:639:17: Variable name `hδpos` is not explicitly referenced.

The binding can be removed (if unused) or named `_` (if used implicitly).

Note: This linter can be disabled with `set_option linter.unusedVariables false`
warning: Hurst/FrozenWordAssembly.lean:640:5: Variable name `hδ0` is not explicitly referenced.

The binding can be removed (if unused) or named `_` (if used implicitly).

Note: This linter can be disabled with `set_option linter.unusedVariables false`
warning: Hurst/FrozenWordAssembly.lean:641:5: Variable name `hN` is not explicitly referenced.

The binding can be removed (if unused) or named `_` (if used implicitly).

Note: This linter can be disabled with `set_option linter.unusedVariables false`
warning: Hurst/FrozenWordAssembly.lean:675:27: Variable name `hp` is not explicitly referenced.

The binding can be removed (if unused) or named `_` (if used implicitly).

Note: This linter can be disabled with `set_option linter.unusedVariables false`
warning: Hurst/FrozenWordAssembly.lean:675:40: Variable name `ha` is not explicitly referenced.

The binding can be removed (if unused) or named `_` (if used implicitly).

Note: This linter can be disabled with `set_option linter.unusedVariables false`
warning: Hurst/FrozenWordAssembly.lean:675:66: Variable name `hab` is not explicitly referenced.

The binding can be removed (if unused) or named `_` (if used implicitly).

Note: This linter can be disabled with `set_option linter.unusedVariables false`
warning: Hurst/FrozenWordAssembly.lean:676:5: Variable name `hM` is not explicitly referenced.

The binding can be removed (if unused) or named `_` (if used implicitly).

Note: This linter can be disabled with `set_option linter.unusedVariables false`
warning: Hurst/FrozenWordAssembly.lean:678:38: Variable name `hlong` is not explicitly referenced.

The binding can be removed (if unused) or named `_` (if used implicitly).

Note: This linter can be disabled with `set_option linter.unusedVariables false`
warning: Hurst/FrozenWordAssembly.lean:679:47: Variable name `t'` is not explicitly referenced.

The binding can be removed (if unused) or named `_` (if used implicitly).

Note: This linter can be disabled with `set_option linter.unusedVariables false`
warning: Hurst/FrozenWordAssembly.lean:1034:5: Variable name `hδ0` is not explicitly referenced.

The binding can be removed (if unused) or named `_` (if used implicitly).

Note: This linter can be disabled with `set_option linter.unusedVariables false`
⚠ [9184/9222] Replayed Hurst.KernelEnergyRateFinal
warning: Hurst/KernelEnergyRateFinal.lean:115:31: Variable name `hb` is not explicitly referenced.

The binding can be removed (if unused) or named `_` (if used implicitly).

Note: This linter can be disabled with `set_option linter.unusedVariables false`
warning: Hurst/KernelEnergyRateFinal.lean:115:44: Variable name `hC₀` is not explicitly referenced.

The binding can be removed (if unused) or named `_` (if used implicitly).

Note: This linter can be disabled with `set_option linter.unusedVariables false`
warning: Hurst/KernelEnergyRateFinal.lean:115:59: Variable name `hCtail` is not explicitly referenced.

The binding can be removed (if unused) or named `_` (if used implicitly).

Note: This linter can be disabled with `set_option linter.unusedVariables false`
warning: Hurst/KernelEnergyRateFinal.lean:272:5: Variable name `ht` is not explicitly referenced.

The binding can be removed (if unused) or named `_` (if used implicitly).

Note: This linter can be disabled with `set_option linter.unusedVariables false`
warning: Hurst/KernelEnergyRateFinal.lean:495:17: Variable name `R` is not explicitly referenced.

The binding can be removed (if unused) or named `_` (if used implicitly).

Note: This linter can be disabled with `set_option linter.unusedVariables false`
⚠ [9199/9222] Replayed Hurst.UnweightedRieszOperator
warning: Hurst/UnweightedRieszOperator.lean:722:15: try 'simp' instead of 'simpa'

Note: This linter can be disabled with `set_option linter.unnecessarySimpa false`
⚠ [9201/9222] Replayed Hurst.TracePerturbationEstimate
warning: Hurst/TracePerturbationEstimate.lean:104:59: Variable name `hy` is not explicitly referenced.

The binding can be removed (if unused) or named `_` (if used implicitly).

Note: This linter can be disabled with `set_option linter.unusedVariables false`
warning: Hurst/TracePerturbationEstimate.lean:121:2: try 'simp' instead of 'simpa'

Note: This linter can be disabled with `set_option linter.unnecessarySimpa false`
warning: Hurst/TracePerturbationEstimate.lean:172:8: `ContinuousLinearMap.sub_apply` has been deprecated: Use `sub_apply` instead

Note: The updated constant is in a different namespace. Dot notation may need to be changed (e.g., from `x.sub_apply` to `sub_apply x`).
warning: Hurst/TracePerturbationEstimate.lean:202:10: 'push_cast' tactic does nothing

Note: This linter can be disabled with `set_option linter.unusedTactic false`
warning: Hurst/TracePerturbationEstimate.lean:236:22: `ContinuousLinearMap.mul_apply` has been deprecated: Use `mul_apply_eq_comp` instead

Note: The updated constant is in a different namespace. Dot notation may need to be changed (e.g., from `x.mul_apply` to `mul_apply_eq_comp x`).
warning: Hurst/TracePerturbationEstimate.lean:237:6: `ContinuousLinearMap.mul_apply` has been deprecated: Use `mul_apply_eq_comp` instead

Note: The updated constant is in a different namespace. Dot notation may need to be changed (e.g., from `x.mul_apply` to `mul_apply_eq_comp x`).
warning: Hurst/TracePerturbationEstimate.lean:238:8: `ContinuousLinearMap.mul_apply` has been deprecated: Use `mul_apply_eq_comp` instead

Note: The updated constant is in a different namespace. Dot notation may need to be changed (e.g., from `x.mul_apply` to `mul_apply_eq_comp x`).
warning: Hurst/TracePerturbationEstimate.lean:239:8: `ContinuousLinearMap.mul_apply` has been deprecated: Use `mul_apply_eq_comp` instead

Note: The updated constant is in a different namespace. Dot notation may need to be changed (e.g., from `x.mul_apply` to `mul_apply_eq_comp x`).
warning: Hurst/TracePerturbationEstimate.lean:251:6: try 'simp' instead of 'simpa'

Note: This linter can be disabled with `set_option linter.unnecessarySimpa false`
warning: Hurst/TracePerturbationEstimate.lean:257:31: `ContinuousLinearMap.mul_apply` has been deprecated: Use `mul_apply_eq_comp` instead

Note: The updated constant is in a different namespace. Dot notation may need to be changed (e.g., from `x.mul_apply` to `mul_apply_eq_comp x`).
warning: Hurst/TracePerturbationEstimate.lean:266:29: Variable name `hC` is not explicitly referenced.

The binding can be removed (if unused) or named `_` (if used implicitly).

Note: This linter can be disabled with `set_option linter.unusedVariables false`
warning: Hurst/TracePerturbationEstimate.lean:361:15: `ContinuousLinearMap.sub_apply` has been deprecated: Use `sub_apply` instead

Note: The updated constant is in a different namespace. Dot notation may need to be changed (e.g., from `x.sub_apply` to `sub_apply x`).
warning: Hurst/TracePerturbationEstimate.lean:376:14: `ContinuousLinearMap.sum_apply` has been deprecated: Use `sum_apply` instead

Note: The updated constant is in a different namespace. Dot notation may need to be changed (e.g., from `x.sum_apply` to `sum_apply x`).
warning: Hurst/TracePerturbationEstimate.lean:394:12: `ContinuousLinearMap.mul_apply` has been deprecated: Use `mul_apply_eq_comp` instead

Note: The updated constant is in a different namespace. Dot notation may need to be changed (e.g., from `x.mul_apply` to `mul_apply_eq_comp x`).
warning: Hurst/TracePerturbationEstimate.lean:419:14: `ContinuousLinearMap.mul_apply` has been deprecated: Use `mul_apply_eq_comp` instead

Note: The updated constant is in a different namespace. Dot notation may need to be changed (e.g., from `x.mul_apply` to `mul_apply_eq_comp x`).
warning: Hurst/TracePerturbationEstimate.lean:439:14: `ContinuousLinearMap.mul_apply` has been deprecated: Use `mul_apply_eq_comp` instead

Note: The updated constant is in a different namespace. Dot notation may need to be changed (e.g., from `x.mul_apply` to `mul_apply_eq_comp x`).
warning: Hurst/TracePerturbationEstimate.lean:439:45: `ContinuousLinearMap.mul_apply` has been deprecated: Use `mul_apply_eq_comp` instead

Note: The updated constant is in a different namespace. Dot notation may need to be changed (e.g., from `x.mul_apply` to `mul_apply_eq_comp x`).
⚠ [9202/9222] Replayed Hurst.BopCompactness
warning: Hurst/BopCompactness.lean:42:55: Variable name `hg` is not explicitly referenced.

The binding can be removed (if unused) or named `_` (if used implicitly).

Note: This linter can be disabled with `set_option linter.unusedVariables false`
warning: Hurst/BopCompactness.lean:179:26: try 'simp' instead of 'simpa'

Note: This linter can be disabled with `set_option linter.unnecessarySimpa false`
warning: Hurst/BopCompactness.lean:184:28: try 'simp' instead of 'simpa'

Note: This linter can be disabled with `set_option linter.unnecessarySimpa false`
warning: Hurst/BopCompactness.lean:201:28: try 'simp' instead of 'simpa'

Note: This linter can be disabled with `set_option linter.unnecessarySimpa false`
⚠ [9205/9222] Replayed Hurst.CompressionGeneralK
warning: Hurst/CompressionGeneralK.lean:305:67: this tactic is never executed

Note: This linter can be disabled with `set_option linter.unreachableTactic false`
warning: Hurst/CompressionGeneralK.lean:305:73: Used `tac1 <;> tac2` where `(tac1; tac2)` would suffice

Note: This linter can be disabled with `set_option linter.unnecessarySeqFocus false`
warning: Hurst/CompressionGeneralK.lean:311:77: Used `tac1 <;> tac2` where `(tac1; tac2)` would suffice

Note: This linter can be disabled with `set_option linter.unnecessarySeqFocus false`
warning: Hurst/CompressionGeneralK.lean:305:67: 'ring' tactic does nothing

Note: This linter can be disabled with `set_option linter.unusedTactic false`
warning: Hurst/CompressionGeneralK.lean:396:2: `push_neg` has been deprecated. Prefer using `push Not` instead.
If you'd rather continue using `push_neg` in your project, you can implement it as follows:
```
open Lean.Parser.Tactic in
macro "push_neg" cfg:optConfig loc:(location)? : tactic =>
  `(tactic| push $cfg:optConfig Not $[$loc]?)
```
warning: Hurst/CompressionGeneralK.lean:696:4: try 'simp' instead of 'simpa'

Note: This linter can be disabled with `set_option linter.unnecessarySimpa false`
warning: Hurst/CompressionGeneralK.lean:1175:27: Variable name `hv` is not explicitly referenced.

The binding can be removed (if unused) or named `_` (if used implicitly).

Note: This linter can be disabled with `set_option linter.unusedVariables false`
warning: Hurst/CompressionGeneralK.lean:1499:37: Variable name `hgm` is not explicitly referenced.

The binding can be removed (if unused) or named `_` (if used implicitly).

Note: This linter can be disabled with `set_option linter.unusedVariables false`
warning: Hurst/CompressionGeneralK.lean:1623:43: Variable name `hX` is not explicitly referenced.

The binding can be removed (if unused) or named `_` (if used implicitly).

Note: This linter can be disabled with `set_option linter.unusedVariables false`
warning: Hurst/CompressionGeneralK.lean:1623:61: Variable name `hY` is not explicitly referenced.

The binding can be removed (if unused) or named `_` (if used implicitly).

Note: This linter can be disabled with `set_option linter.unusedVariables false`
warning: Hurst/CompressionGeneralK.lean:1966:23: Variable name `hκ0` is not explicitly referenced.

The binding can be removed (if unused) or named `_` (if used implicitly).

Note: This linter can be disabled with `set_option linter.unusedVariables false`
warning: Hurst/CompressionGeneralK.lean:2671:24: `ContinuousLinearMap.mul_apply` has been deprecated: Use `mul_apply_eq_comp` instead

Note: The updated constant is in a different namespace. Dot notation may need to be changed (e.g., from `x.mul_apply` to `mul_apply_eq_comp x`).
warning: Hurst/CompressionGeneralK.lean:2651:55: Variable name `hCu0` is not explicitly referenced.

The binding can be removed (if unused) or named `_` (if used implicitly).

Note: This linter can be disabled with `set_option linter.unusedVariables false`
warning: Hurst/CompressionGeneralK.lean:2892:6: try 'simp' instead of 'simpa'

Note: This linter can be disabled with `set_option linter.unnecessarySimpa false`
warning: Hurst/CompressionGeneralK.lean:2799:5: Variable name `T` is not explicitly referenced.

The binding can be removed (if unused) or named `_` (if used implicitly).

Note: This linter can be disabled with `set_option linter.unusedVariables false`
warning: Hurst/CompressionGeneralK.lean:3346:7: Variable name `hbd` is not explicitly referenced.

The binding can be removed (if unused) or named `_` (if used implicitly).

Note: This linter can be disabled with `set_option linter.unusedVariables false`
⚠ [9206/9222] Replayed Hurst.WeightedRieszSpectrumClosed
warning: Hurst/WeightedRieszSpectrumClosed.lean:26:7: Variable name `hbd` is not explicitly referenced.

The binding can be removed (if unused) or named `_` (if used implicitly).

Note: This linter can be disabled with `set_option linter.unusedVariables false`
⚠ [9208/9222] Replayed Hurst.GeneralSignedPowerMatching
warning: Hurst/GeneralSignedPowerMatching.lean:445:30: This simp argument is unused:
  show (2 * j + 1) % 2 ≠ 0 by omega

Hint: Omit it from the simp argument list.
  simp [signedSortedSpectrum, show (2 * j + 1) %̵ ̵2̵ ̵≠̵ ̵0̵ ̵b̵y̵ ̵o̵m̵e̵g̵a̵,̵
  ̵ ̵ ̵ ̵ ̵s̵h̵o̵w̵ ̵(̵2̵ ̵*̵ ̵j̵ ̵+̵ ̵1̵)̵ ̵/ 2 = j by omega]

Note: This linter can be disabled with `set_option linter.unusedSimpArgs false`
⚠ [9209/9222] Replayed Hurst.SignedInterleavedLaw
warning: Hurst/SignedInterleavedLaw.lean:39:13: This simp argument is unused:
  max_eq_left h

Hint: Omit it from the simp argument list.
  simp [signedSlotSwap, Equiv.prodCongrLeft, finProdFinEquiv, zeroPaddedRow, h, h̵j̵,̵ ̵m̵a̵x̵_̵e̵q̵_̵l̵e̵f̵t̵ ̵h̵]̵h̲j̲]̲

Note: This linter can be disabled with `set_option linter.unusedSimpArgs false`
warning: Hurst/SignedInterleavedLaw.lean:45:14: This simp argument is unused:
  max_eq_right hn

Hint: Omit it from the simp argument list.
  simp [signedSlotSwap, Equiv.prodCongrLeft, finProdFinEquiv, zeroPaddedRow, h, h̵j̵m̵,̵ ̵m̵a̵x̵_̵e̵q̵_̵r̵i̵g̵h̵t̵ ̵h̵n̵]̵h̲j̲m̲]̲

Note: This linter can be disabled with `set_option linter.unusedSimpArgs false`
warning: Hurst/SignedInterleavedLaw.lean:71:19: This simp argument is unused:
  if_pos rfl

Hint: Omit it from the simp argument list.
  simp only [hb,̵ ̵i̵f̵_̵p̵o̵s̵ ̵r̵f̵l̵]

Note: This linter can be disabled with `set_option linter.unusedSimpArgs false`
⚠ [9212/9222] Replayed Hurst.FullChainGeneralSigned
warning: Hurst/FullChainGeneralSigned.lean:62:47: Variable name `hγ` is not explicitly referenced.

The binding can be removed (if unused) or named `_` (if used implicitly).

Note: This linter can be disabled with `set_option linter.unusedVariables false`
warning: Hurst/FullChainGeneralSigned.lean:254:5: Variable name `hlong` is not explicitly referenced.

The binding can be removed (if unused) or named `_` (if used implicitly).

Note: This linter can be disabled with `set_option linter.unusedVariables false`
ℹ [9215/9222] Replayed Hurst.CenterBandDischarge
info: Hurst/CenterBandDischarge.lean:558:10: Try this:
  [apply] ring_nf
  
  The `ring` tactic failed to close the goal. Use `ring_nf` to obtain a normal form.
    
  Note that `ring` works primarily in *commutative* rings. If you have a noncommutative ring, abelian group or module, consider using `noncomm_ring`, `abel` or `module` instead.
ℹ [9216/9222] Replayed Hurst.E5BiasExpansion
info: Hurst/E5BiasExpansion.lean:1028:0: 'Hurst.abs_log_one_add_le_two_mul' depends on axioms: [propext, Classical.choice, Quot.sound]
info: Hurst/E5BiasExpansion.lean:1029:0: 'Hurst.abs_add_le' depends on axioms: [propext, Classical.choice, Quot.sound]
info: Hurst/E5BiasExpansion.lean:1030:0: 'Hurst.truncExpectation_le_fluctuation' depends on axioms: [propext, Classical.choice, Quot.sound]
info: Hurst/E5BiasExpansion.lean:1031:0: 'Hurst.varyingIncrement_norm_sq_error' depends on axioms: [propext, Classical.choice, Quot.sound]
info: Hurst/E5BiasExpansion.lean:1032:0: 'Hurst.varyingIncrement_logNormSq_error' depends on axioms: [propext, Classical.choice, Quot.sound]
info: Hurst/E5BiasExpansion.lean:1033:0: 'Hurst.gridStrideFirstActual_logNormSq_error' depends on axioms: [propext, Classical.choice, Quot.sound]
info: Hurst/E5BiasExpansion.lean:1034:0: 'Hurst.holderWeightContraction' depends on axioms: [propext, Classical.choice, Quot.sound]
info: Hurst/E5BiasExpansion.lean:1035:0: 'Hurst.localPolynomialWeights_abs_sum_active' depends on axioms: [propext, Classical.choice, Quot.sound]
info: Hurst/E5BiasExpansion.lean:1036:0: 'Hurst.holderWeightContraction_localPolynomialWeights_of_stable' depends on axioms: [propext,
 Classical.choice,
 Quot.sound]
info: Hurst/E5BiasExpansion.lean:1037:0: 'Hurst.exists_holderWeightContraction_localPolynomialWeights' depends on axioms: [propext, Classical.choice, Quot.sound]
info: Hurst/E5BiasExpansion.lean:1038:0: 'Hurst.unitStatWeight_eq_localPolynomialWeight' depends on axioms: [propext, Classical.choice, Quot.sound]
info: Hurst/E5BiasExpansion.lean:1039:0: 'Hurst.chainLogStatistic_eq_rpow_smul' depends on axioms: [propext, Classical.choice, Quot.sound]
info: Hurst/E5BiasExpansion.lean:1040:0: 'Hurst.chainCalibratedStatistic_eq' depends on axioms: [propext, Classical.choice, Quot.sound]
info: Hurst/E5BiasExpansion.lean:1041:0: 'Hurst.p5KnownScaleHtilde_expectation_eq' depends on axioms: [propext, Classical.choice, Quot.sound]
info: Hurst/E5BiasExpansion.lean:1042:0: 'Hurst.p5KnownScaleHtilde_drift_bound' depends on axioms: [propext, Classical.choice, Quot.sound]
info: Hurst/E5BiasExpansion.lean:1043:0: 'Hurst.knownScaleEstimator_bias_envelope' depends on axioms: [propext, Classical.choice, Quot.sound]
info: Hurst/E5BiasExpansion.lean:1044:0: 'Hurst.knownScaleEstimator_bias_envelope_grid' depends on axioms: [propext, Classical.choice, Quot.sound]
⚠ [9217/9222] Replayed Hurst.TruncationTransfer
warning: Hurst/TruncationTransfer.lean:98:19: Variable name `hm` is not explicitly referenced.

The binding can be removed (if unused) or named `_` (if used implicitly).

Note: This linter can be disabled with `set_option linter.unusedVariables false`
info: Hurst/TruncationTransfer.lean:214:0: 'Hurst.meas_ge_le_of_lintegral_pow' depends on axioms: [propext, Classical.choice, Quot.sound]
info: Hurst/TruncationTransfer.lean:215:0: 'Hurst.indicator_values01' depends on axioms: [propext, Classical.choice, Quot.sound]
info: Hurst/TruncationTransfer.lean:216:0: 'Hurst.abs_indicator_le_half_sq' depends on axioms: [propext, Classical.choice, Quot.sound]
info: Hurst/TruncationTransfer.lean:217:0: 'Hurst.truncationCorrection_le' depends on axioms: [propext, Classical.choice, Quot.sound]
ℹ [9218/9222] Replayed Hurst.HBiasSecondOrder
info: Hurst/HBiasSecondOrder.lean:90:32: Try this:
  [apply] ring_nf
  
  The `ring` tactic failed to close the goal. Use `ring_nf` to obtain a normal form.
    
  Note that `ring` works primarily in *commutative* rings. If you have a noncommutative ring, abelian group or module, consider using `noncomm_ring`, `abel` or `module` instead.
info: Hurst/HBiasSecondOrder.lean:247:0: 'Hurst.gridStrideFirstActual_logNormSq_secondOrder' depends on axioms: [propext, Classical.choice, Quot.sound]
info: Hurst/HBiasSecondOrder.lean:248:0: 'Hurst.knownScaleEstimator_bias_envelope_grid_secondOrder' depends on axioms: [propext, Classical.choice, Quot.sound]
info: Hurst/HBiasSecondOrder.lean:249:0: 'Hurst.bias_window_firstOrder_infeasible' depends on axioms: [propext, Classical.choice, Quot.sound]
info: Hurst/HBiasSecondOrder.lean:250:0: 'Hurst.bias_window_secondOrder_infeasible' depends on axioms: [propext, Classical.choice, Quot.sound]
⚠ [9220/9222] Built Hurst.HonestRateDrift (67s)
warning: Hurst/HonestRateDrift.lean:500:16: `mul_le_mul_left'` has been deprecated: Use `mul_le_mul_right` instead
✔ [9221/9222] Built Hurst (21s)
Build completed successfully (9222 jobs).
exit=0
